Curricular units 2nd sem (grade),Curricular units 1st sem (grade),Target
0,0,Dropout
0,0,Dropout
0,0,Dropout
0,0,Dropout
0,0,Graduate
0,0,Dropout
0,0,Dropout
0,0,Dropout
0,0,Enrolled
0,0,Enrolled
0,0,Enrolled
0,0,Graduate
0,0,Enrolled
0,0,Dropout
0,0,Dropout
0,0,Dropout
0,0,Graduate
0,0,Dropout
0,0,Dropout
0,0,Dropout
0,0,Dropout
0,0,Enrolled
0,0,Dropout
0,0,Enrolled
0,0,Enrolled
0,0,Dropout
0,0,Dropout
0,0,Dropout
0,0,Dropout
0,0,Dropout
0,0,Dropout
0,0,Dropout
0,0,Dropout
0,0,Dropout
0,0,Dropout
0,0,Dropout
0,0,Dropout
0,0,Dropout
0,0,Dropout
0,0,Dropout
0,0,Dropout
0,0,Enrolled
0,0,Dropout
0,0,Dropout
0,0,Dropout
0,0,Graduate
0,0,Dropout
0,0,Dropout
0,0,Dropout
0,0,Dropout
0,0,Dropout
0,0,Dropout
0,0,Dropout
0,0,Dropout
0,0,Dropout
0,0,Dropout
0,0,Dropout
0,0,Dropout
0,0,Dropout
0,0,Dropout
0,0,Dropout
0,0,Graduate
0,0,Dropout
0,0,Dropout
0,0,Dropout
0,0,Graduate
0,0,Dropout
0,0,Graduate
0,0,Dropout
0,0,Graduate
0,0,Dropout
0,0,Dropout
0,0,Dropout
0,0,Dropout
0,0,Dropout
0,0,Dropout
0,0,Dropout
0,0,Dropout
0,0,Dropout
0,0,Graduate
0,0,Dropout
0,0,Dropout
0,0,Dropout
0,0,Dropout
0,0,Dropout
0,0,Dropout
0,0,Dropout
0,0,Dropout
0,0,Graduate
0,0,Dropout
0,0,Dropout
0,0,Graduate
0,0,Dropout
0,0,Dropout
0,0,Dropout
0,0,Dropout
0,0,Dropout
0,0,Dropout
0,0,Enrolled
0,0,Dropout
0,0,Graduate
0,0,Dropout
0,0,Dropout
0,0,Dropout
0,0,Graduate
0,0,Dropout
0,0,Dropout
0,0,Dropout
0,0,Dropout
0,0,Dropout
0,0,Dropout
0,0,Dropout
0,0,Enrolled
0,0,Dropout
0,0,Dropout
0,0,Dropout
0,0,Dropout
0,0,Dropout
0,0,Graduate
0,0,Graduate
0,0,Dropout
0,0,Dropout
0,0,Dropout
0,0,Dropout
0,0,Dropout
0,0,Dropout
0,0,Dropout
0,0,Enrolled
0,0,Dropout
0,0,Enrolled
0,0,Dropout
0,0,Dropout
0,0,Dropout
0,0,Dropout
0,0,Dropout
0,0,Dropout
0,0,Dropout
0,0,Dropout
0,0,Dropout
0,0,Dropout
0,0,Dropout
0,0,Dropout
0,0,Graduate
0,0,Dropout
0,0,Dropout
0,0,Dropout
0,0,Graduate
0,0,Dropout
0,0,Dropout
0,0,Dropout
0,0,Enrolled
0,0,Dropout
0,0,Dropout
0,0,Dropout
0,0,Dropout
0,0,Dropout
0,0,Dropout
0,0,Enrolled
0,0,Dropout
0,0,Dropout
0,0,Graduate
0,0,Dropout
0,0,Dropout
0,0,Dropout
0,0,Dropout
0,0,Dropout
0,0,Dropout
0,0,Dropout
0,0,Dropout
0,0,Dropout
0,0,Dropout
0,0,Dropout
0,0,Graduate
0,0,Graduate
0,0,Dropout
0,0,Dropout
0,0,Dropout
0,0,Dropout
0,0,Dropout
0,0,Graduate
0,0,Dropout
0,0,Dropout
0,0,Graduate
0,0,Dropout
0,0,Dropout
0,0,Dropout
0,0,Dropout
0,0,Dropout
0,0,Enrolled
0,0,Dropout
0,0,Dropout
0,0,Dropout
0,0,Dropout
0,0,Graduate
0,0,Dropout
0,0,Dropout
0,0,Dropout
0,0,Dropout
0,0,Dropout
0,0,Dropout
0,0,Dropout
0,0,Dropout
0,0,Dropout
0,0,Graduate
0,0,Dropout
0,0,Dropout
0,0,Graduate
0,0,Dropout
0,0,Dropout
0,0,Enrolled
0,0,Dropout
0,0,Enrolled
0,0,Dropout
0,0,Dropout
0,0,Dropout
0,0,Dropout
0,0,Dropout
0,0,Dropout
0,0,Dropout
0,0,Dropout
0,0,Enrolled
0,0,Dropout
0,0,Dropout
0,0,Dropout
0,0,Dropout
0,0,Graduate
0,0,Enrolled
0,0,Graduate
0,0,Dropout
0,0,Dropout
0,0,Graduate
0,0,Dropout
0,0,Dropout
0,0,Dropout
0,0,Dropout
0,0,Dropout
0,0,Graduate
0,0,Enrolled
0,0,Dropout
0,0,Enrolled
0,0,Dropout
0,0,Dropout
0,0,Dropout
0,0,Dropout
0,0,Dropout
0,0,Dropout
0,0,Dropout
0,0,Dropout
0,0,Dropout
0,0,Dropout
0,0,Dropout
0,0,Dropout
0,0,Dropout
0,0,Graduate
0,0,Dropout
0,0,Dropout
0,0,Dropout
0,0,Dropout
0,0,Dropout
0,0,Dropout
0,0,Dropout
0,0,Dropout
0,0,Dropout
0,0,Dropout
0,0,Dropout
0,0,Dropout
0,0,Dropout
0,0,Dropout
0,0,Dropout
0,0,Dropout
0,0,Dropout
0,0,Dropout
0,0,Dropout
0,0,Dropout
0,0,Dropout
0,0,Dropout
0,0,Dropout
0,0,Dropout
0,0,Dropout
0,0,Dropout
0,0,Graduate
0,0,Dropout
0,0,Graduate
0,0,Graduate
0,0,Enrolled
0,0,Graduate
0,0,Dropout
0,0,Dropout
0,0,Dropout
0,0,Enrolled
0,0,Enrolled
0,0,Dropout
0,0,Dropout
0,0,Dropout
0,0,Graduate
0,0,Dropout
0,0,Dropout
0,0,Dropout
0,0,Dropout
0,0,Dropout
0,0,Dropout
0,0,Graduate
0,0,Enrolled
0,0,Dropout
0,0,Dropout
0,0,Dropout
0,0,Dropout
0,0,Dropout
0,0,Dropout
0,0,Enrolled
0,0,Graduate
0,0,Dropout
0,0,Dropout
0,0,Graduate
0,0,Enrolled
0,0,Dropout
0,0,Graduate
0,0,Dropout
0,0,Enrolled
0,0,Dropout
0,0,Graduate
0,0,Dropout
0,0,Dropout
0,0,Dropout
0,0,Dropout
0,0,Dropout
0,0,Dropout
0,0,Graduate
0,0,Dropout
0,0,Graduate
0,0,Dropout
0,0,Enrolled
0,0,Enrolled
0,0,Dropout
0,0,Dropout
0,0,Dropout
0,0,Dropout
0,0,Dropout
0,0,Dropout
0,0,Dropout
0,0,Dropout
0,0,Dropout
0,0,Dropout
0,0,Dropout
0,0,Dropout
0,0,Dropout
0,0,Dropout
0,0,Dropout
0,0,Dropout
0,0,Graduate
0,0,Dropout
0,0,Dropout
0,0,Dropout
0,0,Dropout
0,0,Dropout
0,0,Dropout
0,0,Dropout
0,0,Dropout
0,0,Graduate
0,0,Dropout
0,0,Graduate
0,0,Enrolled
0,0,Dropout
0,0,Graduate
0,0,Dropout
0,0,Dropout
0,0,Dropout
0,0,Graduate
0,0,Dropout
0,0,Dropout
0,0,Dropout
0,0,Dropout
0,0,Dropout
0,0,Dropout
0,0,Dropout
0,0,Dropout
0,0,Dropout
0,0,Dropout
0,0,Dropout
0,0,Dropout
0,0,Dropout
0,0,Enrolled
0,0,Dropout
0,0,Dropout
0,0,Dropout
0,0,Dropout
0,0,Dropout
0,0,Dropout
0,0,Dropout
0,0,Dropout
0,0,Dropout
0,0,Enrolled
0,0,Dropout
0,0,Dropout
0,0,Graduate
0,0,Dropout
0,0,Dropout
0,0,Graduate
0,0,Dropout
0,0,Dropout
0,0,Enrolled
0,0,Dropout
0,0,Dropout
0,0,Dropout
0,0,Dropout
0,0,Dropout
0,0,Graduate
0,0,Dropout
0,0,Dropout
0,0,Dropout
0,0,Graduate
0,0,Dropout
0,0,Dropout
0,0,Enrolled
0,0,Dropout
0,0,Dropout
0,0,Enrolled
0,0,Dropout
0,0,Dropout
0,0,Dropout
0,0,Enrolled
0,0,Dropout
0,0,Dropout
0,0,Enrolled
0,0,Dropout
0,0,Dropout
0,0,Dropout
0,0,Dropout
0,0,Dropout
0,0,Enrolled
0,0,Dropout
0,0,Enrolled
0,0,Dropout
0,0,Dropout
0,0,Graduate
0,0,Enrolled
0,0,Dropout
0,0,Dropout
0,0,Graduate
0,0,Dropout
0,0,Dropout
0,0,Dropout
0,0,Dropout
0,0,Dropout
0,0,Dropout
0,0,Dropout
0,0,Dropout
0,0,Dropout
0,0,Dropout
0,0,Dropout
0,0,Dropout
0,0,Dropout
0,0,Dropout
0,0,Graduate
0,0,Dropout
0,0,Dropout
0,0,Dropout
0,0,Dropout
0,0,Dropout
0,0,Graduate
0,0,Dropout
0,0,Dropout
0,0,Dropout
0,0,Dropout
0,0,Dropout
0,0,Dropout
0,0,Dropout
0,0,Graduate
0,0,Dropout
0,0,Enrolled
0,0,Dropout
0,0,Dropout
0,0,Dropout
0,0,Dropout
0,0,Graduate
0,0,Graduate
0,0,Dropout
0,0,Dropout
0,0,Dropout
0,0,Dropout
0,0,Dropout
0,0,Enrolled
0,0,Dropout
0,0,Dropout
0,0,Dropout
0,0,Dropout
0,0,Dropout
0,0,Graduate
0,0,Dropout
0,0,Graduate
0,0,Dropout
0,0,Dropout
0,0,Dropout
0,0,Dropout
0,0,Dropout
0,0,Dropout
0,0,Dropout
0,0,Dropout
0,0,Dropout
0,0,Dropout
0,0,Enrolled
0,0,Dropout
0,0,Dropout
0,0,Dropout
0,0,Dropout
0,0,Dropout
0,0,Dropout
0,0,Dropout
0,0,Dropout
0,0,Dropout
0,0,Dropout
0,0,Dropout
0,0,Graduate
0,0,Dropout
0,0,Dropout
0,0,Dropout
0,0,Dropout
0,0,Dropout
0,0,Dropout
0,0,Dropout
0,0,Dropout
0,0,Dropout
0,0,Dropout
0,0,Graduate
0,0,Dropout
0,0,Dropout
0,0,Dropout
0,0,Dropout
0,0,Dropout
0,0,Graduate
0,0,Dropout
0,0,Dropout
0,0,Dropout
0,0,Dropout
0,0,Graduate
0,0,Dropout
0,0,Dropout
0,0,Dropout
0,0,Dropout
0,0,Dropout
0,0,Enrolled
0,0,Dropout
0,0,Dropout
0,0,Dropout
0,0,Dropout
0,0,Dropout
0,0,Dropout
0,0,Dropout
0,0,Dropout
0,0,Dropout
0,0,Dropout
0,0,Dropout
0,0,Dropout
0,0,Dropout
0,0,Dropout
0,0,Enrolled
0,0,Dropout
0,0,Dropout
0,0,Dropout
0,0,Dropout
0,0,Enrolled
0,0,Dropout
0,0,Enrolled
0,0,Enrolled
0,0,Dropout
0,0,Dropout
0,0,Dropout
0,0,Dropout
0,0,Dropout
0,0,Dropout
0,0,Dropout
0,0,Graduate
0,0,Dropout
0,0,Dropout
0,0,Dropout
0,0,Dropout
0,0,Graduate
0,0,Dropout
0,0,Dropout
0,0,Dropout
0,0,Graduate
0,0,Dropout
0,0,Dropout
0,0,Graduate
0,0,Dropout
0,0,Graduate
0,0,Dropout
0,0,Dropout
0,0,Dropout
0,0,Dropout
0,0,Dropout
0,0,Dropout
0,0,Dropout
0,0,Dropout
0,0,Dropout
0,0,Dropout
0,0,Dropout
0,0,Dropout
0,0,Dropout
0,0,Dropout
0,0,Dropout
0,0,Dropout
0,0,Dropout
0,0,Dropout
0,0,Dropout
0,0,Dropout
0,0,Dropout
0,0,Dropout
0,0,Dropout
0,0,Dropout
0,0,Dropout
0,0,Dropout
0,0,Graduate
0,0,Dropout
0,0,Dropout
0,0,Dropout
0,0,Dropout
0,0,Graduate
0,0,Dropout
0,0,Dropout
0,0,Dropout
0,0,Dropout
0,0,Enrolled
0,0,Dropout
0,0,Dropout
0,0,Dropout
0,0,Dropout
0,0,Dropout
0,0,Dropout
0,0,Dropout
0,0,Dropout
0,0,Dropout
0,0,Dropout
0,0,Dropout
0,0,Dropout
0,0,Dropout
0,0,Dropout
0,0,Dropout
0,0,Dropout
0,0,Dropout
0,0,Dropout
0,0,Dropout
0,0,Dropout
0,0,Dropout
0,0,Dropout
0,0,Dropout
0,0,Enrolled
0,0,Dropout
0,0,Dropout
0,0,Dropout
0,0,Enrolled
0,0,Enrolled
0,0,Dropout
0,0,Dropout
0,0,Dropout
0,0,Dropout
0,0,Dropout
0,0,Enrolled
0,0,Dropout
0,0,Graduate
0,0,Dropout
0,0,Dropout
0,0,Dropout
0,0,Dropout
0,0,Dropout
0,0,Dropout
0,0,Dropout
0,0,Dropout
0,0,Graduate
0,0,Graduate
0,0,Dropout
0,0,Graduate
0,0,Dropout
0,0,Dropout
0,0,Enrolled
0,0,Dropout
10,0,Dropout
10,0,Dropout
10,0,Dropout
10,0,Dropout
10,0,Enrolled
10,0,Dropout
10,0,Dropout
10,0,Dropout
10,0,Dropout
10,0,Enrolled
10,0,Dropout
10,0,Enrolled
10.5,0,Enrolled
11,0,Dropout
11,0,Enrolled
11,0,Enrolled
11,0,Dropout
11,0,Enrolled
11.5,0,Dropout
11.5,0,Dropout
11.66666667,0,Enrolled
11.66666667,0,Enrolled
11.66666667,0,Enrolled
11.66666667,0,Enrolled
12,0,Dropout
12,0,Dropout
12,0,Dropout
12,0,Dropout
12,0,Dropout
12.28571429,0,Graduate
12.5,0,Dropout
13.15,0,Dropout
13.25,0,Enrolled
13.33333333,0,Enrolled
13.5,0,Dropout
13.75,0,Graduate
14,0,Dropout
14,0,Dropout
14.5,0,Dropout
14.75,0,Enrolled
15,0,Enrolled
16,0,Enrolled
0,9.8,Dropout
0,10,Enrolled
0,10,Dropout
0,10,Dropout
0,10,Dropout
0,10,Dropout
0,10,Dropout
0,10,Dropout
0,10,Dropout
0,10,Dropout
0,10,Dropout
0,10,Dropout
0,10,Dropout
0,10,Dropout
0,10,Dropout
0,10,Dropout
0,10,Dropout
0,10,Dropout
0,10,Dropout
0,10,Dropout
0,10,Dropout
0,10,Dropout
0,10,Dropout
0,10,Dropout
0,10,Dropout
0,10,Dropout
0,10,Dropout
0,10,Enrolled
0,10,Dropout
0,10,Dropout
10,10,Enrolled
10,10,Enrolled
10,10,Dropout
10,10,Dropout
10,10,Dropout
10,10,Dropout
10,10,Dropout
10,10,Dropout
10,10,Enrolled
10,10,Dropout
10.33333333,10,Enrolled
10.57142857,10,Dropout
10.75,10,Enrolled
10.8,10,Enrolled
11,10,Dropout
11,10,Dropout
11,10,Dropout
11,10,Dropout
11,10,Enrolled
11,10,Dropout
11,10,Dropout
11,10,Dropout
11,10,Enrolled
11.33333333,10,Dropout
11.33333333,10,Dropout
11.33333333,10,Enrolled
11.33333333,10,Enrolled
11.33333333,10,Dropout
11.4,10,Enrolled
11.75,10,Enrolled
12,10,Dropout
12,10,Enrolled
12,10,Dropout
12,10,Dropout
12,10,Enrolled
12,10,Enrolled
12,10,Dropout
12,10,Dropout
12.25,10,Dropout
12.33333333,10,Dropout
12.4,10,Graduate
12.5,10,Enrolled
13,10,Dropout
13,10,Dropout
13,10,Enrolled
13,10,Dropout
13,10,Enrolled
13.5,10,Enrolled
13.66666667,10,Dropout
14,10,Dropout
15,10,Dropout
16,10,Dropout
16,10,Enrolled
10.5,10.16666667,Graduate
10.5,10.2,Graduate
11,10.2,Enrolled
11.2,10.2,Enrolled
11.25,10.2,Enrolled
11.25,10.2,Graduate
12,10.2,Enrolled
12.2,10.2,Graduate
12.25,10.2,Enrolled
11.38461538,10.21428571,Graduate
10.25,10.25,Dropout
10.71428571,10.25,Graduate
11.2,10.25,Dropout
11.25,10.25,Dropout
11.25,10.25,Dropout
12,10.25,Dropout
13,10.25,Dropout
10.6,10.28571429,Dropout
10,10.33333333,Dropout
10.33333333,10.33333333,Enrolled
10.33333333,10.33333333,Enrolled
10.66666667,10.33333333,Enrolled
10.85714286,10.33333333,Dropout
11,10.33333333,Enrolled
11,10.33333333,Dropout
11,10.33333333,Dropout
11.5,10.33333333,Graduate
11.8,10.33333333,Enrolled
12,10.33333333,Dropout
12.8,10.33333333,Graduate
12.8,10.33333333,Enrolled
13,10.33333333,Enrolled
13.33333333,10.33333333,Enrolled
14.42857143,10.33333333,Enrolled
11.5,10.36842105,Graduate
10.44444444,10.375,Enrolled
11.66666667,10.375,Enrolled
0,10.4,Dropout
10.66666667,10.4,Graduate
10.75,10.4,Enrolled
12,10.4,Graduate
10.92307692,10.46666667,Graduate
0,10.5,Dropout
0,10.5,Dropout
0,10.5,Dropout
0,10.5,Dropout
0,10.5,Dropout
0,10.5,Dropout
0,10.5,Dropout
0,10.5,Dropout
0,10.5,Dropout
0,10.5,Dropout
0,10.5,Dropout
10,10.5,Enrolled
10,10.5,Dropout
10,10.5,Dropout
10.33333333,10.5,Enrolled
10.42857143,10.5,Dropout
10.5,10.5,Enrolled
10.5,10.5,Enrolled
10.5,10.5,Dropout
10.66666667,10.5,Dropout
10.8,10.5,Dropout
11,10.5,Dropout
11,10.5,Dropout
11,10.5,Enrolled
11,10.5,Enrolled
11,10.5,Dropout
11,10.5,Enrolled
11,10.5,Enrolled
11.25,10.5,Graduate
11.25,10.5,Graduate
11.25,10.5,Enrolled
11.33333333,10.5,Enrolled
11.6,10.5,Graduate
11.7,10.5,Graduate
11.75,10.5,Enrolled
11.75,10.5,Enrolled
11.75,10.5,Graduate
12,10.5,Dropout
12,10.5,Dropout
12,10.5,Graduate
12.25,10.5,Enrolled
12.33333333,10.5,Dropout
12.33333333,10.5,Enrolled
12.33333333,10.5,Dropout
12.4,10.5,Enrolled
12.5,10.5,Dropout
12.6,10.5,Graduate
13,10.5,Dropout
13.33333333,10.5,Enrolled
11,10.57142857,Graduate
11.4,10.57142857,Graduate
11.66666667,10.57142857,Graduate
12.2,10.57142857,Graduate
10,10.6,Enrolled
10.2,10.6,Enrolled
10.4,10.6,Enrolled
10.5,10.6,Graduate
10.5,10.6,Graduate
10.75,10.6,Graduate
11,10.6,Dropout
11,10.6,Dropout
11,10.6,Graduate
11.16666667,10.6,Enrolled
11.6,10.6,Graduate
11.71428571,10.6,Dropout
11.8,10.6,Graduate
14.66666667,10.6,Dropout
10.66666667,10.64285714,Dropout
11.55,10.64285714,Graduate
0,10.66666667,Dropout
0,10.66666667,Dropout
10.25,10.66666667,Graduate
10.4,10.66666667,Enrolled
10.5,10.66666667,Enrolled
10.5,10.66666667,Dropout
10.66666667,10.66666667,Dropout
10.66666667,10.66666667,Dropout
11,10.66666667,Enrolled
11.2,10.66666667,Graduate
11.2,10.66666667,Enrolled
11.25,10.66666667,Enrolled
11.33333333,10.66666667,Enrolled
11.33333333,10.66666667,Dropout
11.33333333,10.66666667,Enrolled
11.33333333,10.66666667,Enrolled
11.4,10.66666667,Enrolled
11.5,10.66666667,Graduate
11.5,10.66666667,Enrolled
11.6,10.66666667,Graduate
11.8,10.66666667,Enrolled
11.85714286,10.66666667,Graduate
12,10.66666667,Enrolled
12,10.66666667,Enrolled
12,10.66666667,Dropout
12.25,10.66666667,Graduate
12.25,10.66666667,Dropout
12.28571429,10.66666667,Dropout
12.5,10.66666667,Dropout
12.5,10.66666667,Dropout
12.5,10.66666667,Enrolled
12.5,10.66666667,Enrolled
12.83333333,10.66666667,Enrolled
14,10.66666667,Enrolled
14,10.66666667,Dropout
14.8,10.66666667,Dropout
12.30769231,10.69230769,Enrolled
11,10.71428571,Graduate
12.2,10.71428571,Graduate
12.55555556,10.71428571,Enrolled
11.8375,10.74444444,Enrolled
0,10.75,Enrolled
0,10.75,Dropout
0,10.75,Dropout
10,10.75,Dropout
10,10.75,Dropout
10,10.75,Dropout
10,10.75,Dropout
10,10.75,Dropout
10,10.75,Dropout
10.33333333,10.75,Dropout
10.5,10.75,Dropout
10.57142857,10.75,Dropout
11,10.75,Dropout
11.33333333,10.75,Enrolled
11.33333333,10.75,Dropout
11.4,10.75,Graduate
11.5,10.75,Enrolled
11.5,10.75,Graduate
12.25,10.75,Enrolled
13,10.75,Graduate
13.33333333,10.75,Dropout
11.83333333,10.76923077,Dropout
0,10.8,Dropout
10,10.8,Enrolled
10.16666667,10.8,Graduate
10.5,10.8,Graduate
10.5,10.8,Enrolled
10.5,10.8,Enrolled
10.71428571,10.8,Graduate
11,10.8,Graduate
11,10.8,Dropout
11,10.8,Enrolled
11.25,10.8,Graduate
11.33333333,10.8,Graduate
11.35714286,10.8,Graduate
11.5,10.8,Graduate
11.5,10.8,Graduate
11.75,10.8,Enrolled
12,10.8,Dropout
12,10.8,Graduate
12,10.8,Enrolled
12,10.8,Enrolled
12.25,10.8,Graduate
12.5,10.8,Dropout
12.8,10.8,Graduate
13.5,10.8,Enrolled
11.63636364,10.81818182,Dropout
10.66666667,10.83333333,Graduate
11,10.83333333,Enrolled
11,10.83333333,Enrolled
11,10.83333333,Dropout
11.5,10.83333333,Graduate
11.5,10.83333333,Graduate
12,10.83333333,Graduate
12.14285714,10.83333333,Graduate
11,10.85714286,Dropout
11.66666667,10.85714286,Graduate
11.85714286,10.85714286,Enrolled
12.4,10.875,Graduate
11.25,10.88888889,Graduate
11.33333333,10.88888889,Graduate
11.61538462,10.88888889,Graduate
11.7,10.9,Dropout
11.14285714,10.92307692,Graduate
11.45454545,10.92307692,Graduate
12.18181818,10.92307692,Graduate
11.83333333,10.92857143,Dropout
10.98333333,10.98333333,Graduate
12.3,10.98571429,Graduate
0,11,Dropout
0,11,Enrolled
0,11,Dropout
0,11,Dropout
0,11,Dropout
0,11,Dropout
0,11,Dropout
0,11,Dropout
0,11,Dropout
0,11,Dropout
0,11,Dropout
0,11,Dropout
0,11,Enrolled
0,11,Dropout
0,11,Dropout
0,11,Dropout
0,11,Dropout
0,11,Enrolled
0,11,Dropout
0,11,Dropout
0,11,Dropout
0,11,Enrolled
0,11,Dropout
0,11,Dropout
0,11,Dropout
0,11,Enrolled
0,11,Dropout
0,11,Dropout
0,11,Dropout
10,11,Enrolled
10,11,Enrolled
10,11,Dropout
10,11,Dropout
10,11,Enrolled
10,11,Enrolled
10,11,Enrolled
10,11,Dropout
10.16666667,11,Enrolled
10.33333333,11,Enrolled
10.33333333,11,Dropout
10.5,11,Enrolled
10.5,11,Dropout
10.5,11,Dropout
10.5,11,Dropout
10.6,11,Dropout
10.66666667,11,Dropout
10.66666667,11,Enrolled
10.66666667,11,Dropout
10.66666667,11,Dropout
10.75,11,Graduate
10.75,11,Enrolled
10.75,11,Graduate
10.83333333,11,Graduate
10.83333333,11,Enrolled
11,11,Graduate
11,11,Dropout
11,11,Enrolled
11,11,Graduate
11,11,Graduate
11,11,Enrolled
11,11,Enrolled
11,11,Dropout
11,11,Dropout
11,11,Graduate
11.16666667,11,Graduate
11.2,11,Enrolled
11.2,11,Enrolled
11.2,11,Graduate
11.2,11,Graduate
11.25,11,Dropout
11.25,11,Graduate
11.25,11,Dropout
11.25,11,Enrolled
11.25,11,Graduate
11.33333333,11,Enrolled
11.33333333,11,Dropout
11.33333333,11,Graduate
11.36363636,11,Dropout
11.4,11,Enrolled
11.4,11,Graduate
11.4,11,Enrolled
11.4,11,Graduate
11.42857143,11,Dropout
11.42857143,11,Enrolled
11.5,11,Dropout
11.5,11,Graduate
11.5,11,Enrolled
11.5,11,Enrolled
11.5,11,Dropout
11.5,11,Dropout
11.5,11,Graduate
11.5,11,Dropout
11.57142857,11,Enrolled
11.6,11,Graduate
11.6,11,Graduate
11.66666667,11,Graduate
11.66666667,11,Graduate
11.66666667,11,Dropout
11.66666667,11,Enrolled
11.7,11,Graduate
11.75,11,Enrolled
11.75,11,Dropout
11.8,11,Graduate
11.83333333,11,Graduate
12,11,Graduate
12,11,Enrolled
12,11,Enrolled
12,11,Dropout
12,11,Enrolled
12,11,Dropout
12,11,Enrolled
12,11,Enrolled
12.16666667,11,Graduate
12.2,11,Dropout
12.25,11,Dropout
12.4,11,Graduate
12.5,11,Enrolled
12.5,11,Enrolled
12.5,11,Enrolled
12.6,11,Graduate
12.66666667,11,Enrolled
12.66666667,11,Dropout
12.75,11,Dropout
12.75,11,Graduate
12.8,11,Graduate
13,11,Dropout
13,11,Graduate
13.125,11,Graduate
13.16666667,11,Graduate
13.2,11,Enrolled
13.2,11,Graduate
13.375,11,Enrolled
13.4,11,Graduate
13.5,11,Dropout
13.8,11,Graduate
13.85714286,11,Enrolled
14,11,Graduate
15.4,11,Graduate
11.33333333,11.07142857,Dropout
11.85714286,11.125,Graduate
11.25,11.14285714,Graduate
11.375,11.14285714,Graduate
11.57142857,11.14285714,Graduate
12,11.14285714,Graduate
12.28571429,11.14285714,Graduate
12.81428571,11.15,Enrolled
11.425,11.15555556,Graduate
10.57142857,11.16666667,Enrolled
10.6,11.16666667,Graduate
10.75,11.16666667,Enrolled
10.8,11.16666667,Enrolled
11,11.16666667,Graduate
11,11.16666667,Dropout
11.33333333,11.16666667,Graduate
11.5,11.16666667,Enrolled
11.66666667,11.16666667,Enrolled
11.66666667,11.16666667,Graduate
11.8,11.16666667,Enrolled
12.16666667,11.16666667,Graduate
12.4,11.16666667,Graduate
13.4,11.16666667,Graduate
14.66666667,11.16666667,Enrolled
10,11.2,Enrolled
10,11.2,Dropout
10.75,11.2,Dropout
11,11.2,Graduate
11.2,11.2,Enrolled
11.25,11.2,Dropout
11.25,11.2,Graduate
11.25,11.2,Dropout
11.58333333,11.2,Enrolled
11.6,11.2,Graduate
11.66666667,11.2,Dropout
11.75,11.2,Enrolled
11.8,11.2,Graduate
12,11.2,Graduate
12,11.2,Graduate
12,11.2,Enrolled
12,11.2,Graduate
12.14,11.2,Enrolled
12.42857143,11.2,Graduate
12.5,11.2,Graduate
12.6,11.2,Dropout
12.8,11.2,Graduate
13.125,11.2,Dropout
13.2,11.2,Graduate
12.77777778,11.23076923,Graduate
0,11.25,Dropout
0,11.25,Dropout
0,11.25,Dropout
0,11.25,Dropout
0,11.25,Enrolled
10,11.25,Enrolled
10.16666667,11.25,Dropout
10.2,11.25,Dropout
10.33333333,11.25,Graduate
10.33333333,11.25,Dropout
10.4,11.25,Graduate
10.42857143,11.25,Enrolled
10.5,11.25,Enrolled
10.5,11.25,Enrolled
10.5,11.25,Dropout
10.83333333,11.25,Enrolled
10.85714286,11.25,Dropout
11,11.25,Dropout
11,11.25,Dropout
11,11.25,Graduate
11,11.25,Enrolled
11,11.25,Enrolled
11,11.25,Enrolled
11.2,11.25,Dropout
11.33333333,11.25,Graduate
11.33333333,11.25,Dropout
11.33333333,11.25,Dropout
11.33333333,11.25,Dropout
11.4,11.25,Graduate
11.5,11.25,Enrolled
11.71428571,11.25,Enrolled
11.8,11.25,Dropout
12,11.25,Dropout
12,11.25,Graduate
12,11.25,Enrolled
12,11.25,Enrolled
12,11.25,Enrolled
12.2,11.25,Enrolled
12.25,11.25,Enrolled
12.33333333,11.25,Dropout
12.5,11.25,Dropout
12.5,11.25,Graduate
13,11.25,Enrolled
13,11.25,Graduate
13.75,11.25,Graduate
12,11.27272727,Graduate
0,11.28571429,Dropout
10.33333333,11.28571429,Dropout
11.77777778,11.28571429,Enrolled
11.85714286,11.28571429,Graduate
12.2,11.28571429,Enrolled
12.25,11.28571429,Enrolled
12.33333333,11.28571429,Enrolled
13,11.28571429,Dropout
13.5,11.28571429,Graduate
12.6,11.29444444,Graduate
11.3,11.3,Graduate
11.325,11.325,Dropout
11.32857143,11.32857143,Dropout
0,11.33333333,Dropout
0,11.33333333,Dropout
0,11.33333333,Dropout
10.5,11.33333333,Enrolled
10.5,11.33333333,Graduate
10.57142857,11.33333333,Enrolled
10.66666667,11.33333333,Enrolled
10.83333333,11.33333333,Graduate
10.83333333,11.33333333,Enrolled
10.83333333,11.33333333,Graduate
11,11.33333333,Dropout
11,11.33333333,Enrolled
11,11.33333333,Enrolled
11.14285714,11.33333333,Dropout
11.2,11.33333333,Graduate
11.25,11.33333333,Dropout
11.33333333,11.33333333,Dropout
11.33333333,11.33333333,Graduate
11.33333333,11.33333333,Enrolled
11.33333333,11.33333333,Graduate
11.33333333,11.33333333,Graduate
11.4,11.33333333,Dropout
11.5,11.33333333,Graduate
11.5,11.33333333,Enrolled
11.5,11.33333333,Dropout
11.5,11.33333333,Dropout
11.57142857,11.33333333,Graduate
11.66666667,11.33333333,Graduate
11.75,11.33333333,Enrolled
11.83333333,11.33333333,Graduate
11.83333333,11.33333333,Graduate
12,11.33333333,Dropout
12,11.33333333,Graduate
12,11.33333333,Dropout
12.2,11.33333333,Graduate
12.25,11.33333333,Graduate
12.28571429,11.33333333,Graduate
12.28571429,11.33333333,Graduate
12.33333333,11.33333333,Graduate
12.33333333,11.33333333,Enrolled
12.4,11.33333333,Dropout
12.42857143,11.33333333,Graduate
12.6,11.33333333,Enrolled
12.6,11.33333333,Graduate
12.6,11.33333333,Enrolled
12.66666667,11.33333333,Graduate
13,11.33333333,Dropout
13,11.33333333,Graduate
13,11.33333333,Dropout
13.33333333,11.33333333,Enrolled
13.5,11.33333333,Enrolled
13.5,11.33333333,Dropout
13.66666667,11.33333333,Dropout
13.75,11.33333333,Dropout
14.75,11.33333333,Dropout
12,11.35714286,Graduate
12.84615385,11.35714286,Dropout
11.6,11.375,Graduate
11.8,11.375,Graduate
12.16666667,11.375,Enrolled
13.28571429,11.375,Graduate
13.8,11.375,Enrolled
10,11.4,Enrolled
10,11.4,Enrolled
10.25,11.4,Enrolled
10.75,11.4,Enrolled
10.8,11.4,Graduate
11,11.4,Dropout
11,11.4,Dropout
11,11.4,Dropout
11,11.4,Graduate
11,11.4,Enrolled
11,11.4,Graduate
11,11.4,Enrolled
11.16666667,11.4,Graduate
11.25,11.4,Graduate
11.33333333,11.4,Graduate
11.4,11.4,Graduate
11.5,11.4,Graduate
11.5,11.4,Graduate
11.6,11.4,Graduate
11.66666667,11.4,Dropout
11.66666667,11.4,Dropout
11.75,11.4,Dropout
11.8,11.4,Dropout
12.16666667,11.4,Graduate
12.2,11.4,Graduate
12.2,11.4,Dropout
12.33333333,11.4,Enrolled
12.4,11.4,Enrolled
12.4,11.4,Dropout
12.8,11.4,Graduate
12.83333333,11.4,Dropout
13.33333333,11.4,Enrolled
13.5,11.4,Dropout
13.66666667,11.4,Dropout
13.75,11.4,Dropout
11.9625,11.41666667,Graduate
11.07692308,11.42105263,Graduate
11,11.42857143,Dropout
11.2,11.42857143,Graduate
11.85714286,11.42857143,Enrolled
12,11.42857143,Dropout
13,11.42857143,Enrolled
11.425,11.4375,Enrolled
10.8,11.44444444,Dropout
11.54545455,11.45454545,Dropout
12.25,11.45454545,Dropout
11.58333333,11.46153846,Graduate
0,11.5,Dropout
0,11.5,Dropout
0,11.5,Enrolled
0,11.5,Dropout
0,11.5,Dropout
0,11.5,Dropout
10,11.5,Enrolled
10,11.5,Enrolled
10.33333333,11.5,Dropout
10.33333333,11.5,Enrolled
10.44444444,11.5,Dropout
10.5,11.5,Dropout
10.5,11.5,Dropout
10.5,11.5,Dropout
10.5,11.5,Enrolled
10.5,11.5,Dropout
10.5,11.5,Dropout
10.57142857,11.5,Dropout
10.6,11.5,Enrolled
10.66666667,11.5,Enrolled
10.66666667,11.5,Enrolled
10.75,11.5,Graduate
10.75,11.5,Enrolled
10.8,11.5,Dropout
10.85714286,11.5,Enrolled
11,11.5,Dropout
11,11.5,Dropout
11,11.5,Dropout
11,11.5,Dropout
11,11.5,Graduate
11,11.5,Dropout
11,11.5,Dropout
11,11.5,Dropout
11,11.5,Dropout
11,11.5,Enrolled
11,11.5,Enrolled
11,11.5,Dropout
11.16666667,11.5,Graduate
11.28571429,11.5,Graduate
11.33333333,11.5,Enrolled
11.4,11.5,Graduate
11.4,11.5,Enrolled
11.4375,11.5,Enrolled
11.5,11.5,Dropout
11.5,11.5,Dropout
11.6,11.5,Dropout
11.6,11.5,Graduate
11.66666667,11.5,Graduate
11.66666667,11.5,Dropout
11.66666667,11.5,Dropout
11.75,11.5,Graduate
11.75,11.5,Enrolled
11.8,11.5,Enrolled
12,11.5,Graduate
12,11.5,Dropout
12,11.5,Dropout
12,11.5,Enrolled
12,11.5,Enrolled
12.14285714,11.5,Graduate
12.16666667,11.5,Graduate
12.17647059,11.5,Graduate
12.2,11.5,Enrolled
12.2,11.5,Graduate
12.28571429,11.5,Graduate
12.33333333,11.5,Dropout
12.33333333,11.5,Graduate
12.33333333,11.5,Graduate
12.4,11.5,Graduate
12.4,11.5,Graduate
12.4,11.5,Graduate
12.4,11.5,Dropout
12.5,11.5,Dropout
12.6,11.5,Graduate
12.71428571,11.5,Enrolled
12.8,11.5,Graduate
12.8,11.5,Graduate
13,11.5,Dropout
13,11.5,Dropout
13.16666667,11.5,Enrolled
13.25,11.5,Graduate
13.28571429,11.5,Graduate
13.28571429,11.5,Graduate
13.5,11.5,Dropout
13.66666667,11.5,Dropout
13.75,11.5,Enrolled
14,11.5,Enrolled
14,11.5,Graduate
14.33333333,11.5,Enrolled
14.6,11.5,Graduate
12.4,11.53846154,Dropout
11.7,11.54545455,Enrolled
12.88888889,11.54545455,Graduate
11.61538462,11.55555556,Graduate
11.9,11.55555556,Enrolled
13.2,11.55555556,Dropout
0,11.57142857,Dropout
11,11.57142857,Dropout
11.57142857,11.57142857,Graduate
11.57142857,11.57142857,Dropout
11.57142857,11.57142857,Graduate
12,11.57142857,Enrolled
12.14285714,11.57142857,Graduate
12.33333333,11.57142857,Graduate
13,11.57142857,Dropout
13.16666667,11.57142857,Dropout
12.42,11.575,Enrolled
14.07142857,11.5875,Graduate
10,11.6,Dropout
10.75,11.6,Graduate
11,11.6,Enrolled
11,11.6,Dropout
11,11.6,Dropout
11,11.6,Dropout
11,11.6,Enrolled
11.16666667,11.6,Graduate
11.16666667,11.6,Graduate
11.2,11.6,Enrolled
11.2,11.6,Dropout
11.4,11.6,Graduate
11.5,11.6,Enrolled
11.5,11.6,Graduate
11.6,11.6,Graduate
11.6,11.6,Graduate
11.66666667,11.6,Enrolled
11.71428571,11.6,Graduate
11.75,11.6,Graduate
11.75,11.6,Graduate
11.8,11.6,Graduate
12,11.6,Graduate
12,11.6,Dropout
12,11.6,Dropout
12.2,11.6,Graduate
12.2,11.6,Enrolled
12.25,11.6,Enrolled
12.25,11.6,Dropout
12.33333333,11.6,Graduate
12.33333333,11.6,Graduate
12.5,11.6,Graduate
12.625,11.6,Graduate
12.66666667,11.6,Enrolled
12.8,11.6,Graduate
13,11.6,Graduate
13,11.6,Dropout
13,11.6,Enrolled
13,11.6,Dropout
13,11.6,Enrolled
13.2,11.6,Graduate
13.5,11.6,Graduate
13.6,11.6,Graduate
14.2,11.6,Graduate
14.2,11.6,Dropout
12.4125,11.605,Graduate
12.05555556,11.61111111,Graduate
14.0375,11.61428571,Graduate
12.54545455,11.61538462,Dropout
13,11.61666667,Enrolled
11,11.625,Enrolled
11.18181818,11.625,Graduate
11.2,11.625,Graduate
11.63571429,11.63571429,Enrolled
11.25,11.64285714,Dropout
12.41666667,11.65833333,Graduate
0,11.66666667,Dropout
10,11.66666667,Dropout
10,11.66666667,Dropout
10,11.66666667,Dropout
10.2,11.66666667,Graduate
10.33333333,11.66666667,Enrolled
10.5,11.66666667,Dropout
10.5,11.66666667,Dropout
10.5,11.66666667,Dropout
10.66666667,11.66666667,Dropout
10.8,11.66666667,Dropout
10.85714286,11.66666667,Dropout
11,11.66666667,Graduate
11,11.66666667,Enrolled
11,11.66666667,Dropout
11,11.66666667,Dropout
11,11.66666667,Graduate
11,11.66666667,Dropout
11.16666667,11.66666667,Graduate
11.25,11.66666667,Dropout
11.33333333,11.66666667,Dropout
11.33333333,11.66666667,Enrolled
11.33333333,11.66666667,Graduate
11.5,11.66666667,Dropout
11.5,11.66666667,Graduate
11.5,11.66666667,Graduate
11.5,11.66666667,Enrolled
11.5,11.66666667,Graduate
11.5,11.66666667,Graduate
11.6,11.66666667,Enrolled
11.66666667,11.66666667,Graduate
11.66666667,11.66666667,Enrolled
11.71428571,11.66666667,Graduate
11.75,11.66666667,Graduate
11.8,11.66666667,Enrolled
11.83333333,11.66666667,Graduate
11.83333333,11.66666667,Dropout
12,11.66666667,Dropout
12,11.66666667,Dropout
12,11.66666667,Graduate
12,11.66666667,Graduate
12,11.66666667,Enrolled
12,11.66666667,Enrolled
12,11.66666667,Dropout
12.16666667,11.66666667,Enrolled
12.2,11.66666667,Graduate
12.2,11.66666667,Graduate
12.2,11.66666667,Graduate
12.25,11.66666667,Graduate
12.33333333,11.66666667,Graduate
12.33333333,11.66666667,Graduate
12.33333333,11.66666667,Dropout
12.33333333,11.66666667,Dropout
12.5,11.66666667,Enrolled
12.5,11.66666667,Dropout
12.55555556,11.66666667,Graduate
12.6,11.66666667,Graduate
12.66666667,11.66666667,Graduate
12.66666667,11.66666667,Graduate
12.75,11.66666667,Graduate
13,11.66666667,Enrolled
13,11.66666667,Graduate
13,11.66666667,Graduate
13.2,11.66666667,Graduate
13.2,11.66666667,Graduate
13.5,11.66666667,Enrolled
13.5,11.66666667,Enrolled
13.625,11.66666667,Enrolled
13.66666667,11.66666667,Graduate
14,11.66666667,Graduate
13.8,11.67777778,Graduate
13.0375,11.67857143,Graduate
11.68,11.68,Graduate
11.68333333,11.68333333,Graduate
11.14285714,11.6875,Graduate
11.69,11.69,Graduate
11.70571429,11.70571429,Enrolled
10.375,11.71428571,Enrolled
10.66666667,11.71428571,Dropout
11,11.71428571,Graduate
11.33333333,11.71428571,Dropout
11.5,11.71428571,Dropout
11.75,11.71428571,Graduate
11.83333333,11.71428571,Graduate
12,11.71428571,Graduate
12,11.71428571,Graduate
12.6,11.71428571,Graduate
12.625,11.71428571,Graduate
12.75,11.71428571,Graduate
14.66666667,11.71428571,Graduate
10.868,11.71666667,Graduate
13.7,11.71666667,Enrolled
11.72142857,11.72142857,Graduate
12,11.72727273,Graduate
12,11.72727273,Dropout
11.88888889,11.73333333,Graduate
0,11.75,Dropout
0,11.75,Dropout
0,11.75,Dropout
0,11.75,Dropout
10,11.75,Dropout
10,11.75,Dropout
10,11.75,Dropout
10.33333333,11.75,Dropout
10.4,11.75,Graduate
10.5,11.75,Enrolled
10.5,11.75,Enrolled
10.83333333,11.75,Enrolled
11,11.75,Graduate
11,11.75,Enrolled
11.14285714,11.75,Dropout
11.2,11.75,Enrolled
11.33333333,11.75,Enrolled
11.5,11.75,Dropout
11.6,11.75,Graduate
11.725,11.75,Enrolled
11.8,11.75,Graduate
11.8,11.75,Graduate
12,11.75,Graduate
12.16666667,11.75,Dropout
12.22222222,11.75,Dropout
12.25,11.75,Dropout
12.33333333,11.75,Enrolled
12.57142857,11.75,Graduate
12.66666667,11.75,Graduate
12.8,11.75,Enrolled
13.16666667,11.75,Dropout
13.33333333,11.75,Graduate
13.4,11.75,Graduate
13.5,11.75,Dropout
13.66666667,11.75,Enrolled
13.08333333,11.75714286,Enrolled
11.92857143,11.76923077,Graduate
12.33,11.7725,Graduate
13.66666667,11.77777778,Dropout
11.78571429,11.78571429,Graduate
0,11.8,Dropout
10.4,11.8,Graduate
10.5,11.8,Dropout
10.66666667,11.8,Graduate
11,11.8,Graduate
11,11.8,Dropout
11.25,11.8,Enrolled
11.25,11.8,Enrolled
11.4,11.8,Dropout
11.44444444,11.8,Enrolled
11.5,11.8,Graduate
11.5,11.8,Enrolled
11.5,11.8,Enrolled
11.5,11.8,Dropout
11.6,11.8,Graduate
11.6,11.8,Graduate
11.6,11.8,Graduate
11.6,11.8,Graduate
11.6,11.8,Graduate
11.66666667,11.8,Enrolled
11.70833333,11.8,Enrolled
11.83333333,11.8,Graduate
11.83333333,11.8,Enrolled
11.875,11.8,Dropout
12,11.8,Graduate
12,11.8,Graduate
12,11.8,Enrolled
12,11.8,Dropout
12,11.8,Enrolled
12,11.8,Enrolled
12.2,11.8,Graduate
12.2,11.8,Enrolled
12.33333333,11.8,Graduate
12.4,11.8,Enrolled
12.4,11.8,Graduate
12.6,11.8,Graduate
12.66666667,11.8,Graduate
13,11.8,Enrolled
13.2,11.8,Graduate
13.25,11.8,Graduate
13.28571429,11.8,Graduate
13.71428571,11.8,Dropout
14,11.8,Graduate
13.54285714,11.81428571,Graduate
11.33333333,11.81666667,Enrolled
11.82,11.82,Graduate
12.9125,11.82857143,Graduate
11.832,11.832,Dropout
10,11.83333333,Dropout
10,11.83333333,Dropout
10.4,11.83333333,Enrolled
10.75,11.83333333,Graduate
11,11.83333333,Dropout
11,11.83333333,Dropout
11,11.83333333,Graduate
11.14285714,11.83333333,Dropout
11.25,11.83333333,Enrolled
11.36363636,11.83333333,Graduate
11.5,11.83333333,Graduate
11.5,11.83333333,Dropout
11.5,11.83333333,Enrolled
11.66666667,11.83333333,Enrolled
11.83333333,11.83333333,Enrolled
11.83333333,11.83333333,Enrolled
11.85714286,11.83333333,Graduate
12,11.83333333,Enrolled
12.16666667,11.83333333,Graduate
12.22857143,11.83333333,Graduate
12.28571429,11.83333333,Graduate
12.46153846,11.83333333,Graduate
12.5,11.83333333,Enrolled
12.7,11.83333333,Graduate
12.8,11.83333333,Graduate
12.85714286,11.83333333,Graduate
12.875,11.83333333,Graduate
13,11.83333333,Dropout
13,11.83333333,Graduate
13,11.83333333,Graduate
13,11.83333333,Graduate
13.16666667,11.83333333,Graduate
13.2,11.83333333,Dropout
13.25,11.83333333,Enrolled
13.33333333,11.83333333,Enrolled
13.75,11.83333333,Graduate
13.8,11.83333333,Graduate
14,11.83333333,Enrolled
14.33333333,11.83333333,Enrolled
14.71428571,11.83333333,Enrolled
12.48125,11.8375,Graduate
12,11.84615385,Graduate
13.65,11.85,Graduate
10.57142857,11.85714286,Enrolled
11,11.85714286,Graduate
11.5,11.85714286,Graduate
11.66666667,11.85714286,Graduate
11.7,11.85714286,Enrolled
11.85714286,11.85714286,Graduate
11.85714286,11.85714286,Graduate
12,11.85714286,Graduate
13.14285714,11.85714286,Graduate
12,11.875,Graduate
12.33333333,11.875,Graduate
12.83333333,11.875,Dropout
14.42857143,11.875,Graduate
14.6,11.875,Graduate
11.46153846,11.88888889,Graduate
11.6,11.88888889,Dropout
11.95625,11.88888889,Graduate
12.92307692,11.89473684,Graduate
11,11.9,Dropout
12.25,11.9,Graduate
12.8,11.9,Enrolled
10.72727273,11.90909091,Graduate
0,11.91666667,Dropout
11.25,11.91666667,Dropout
13.18181818,11.91666667,Graduate
12.5,11.92307692,Dropout
12.2,11.94,Dropout
12.8,11.94,Enrolled
11.95,11.95,Dropout
12.04285714,11.95,Enrolled
0,11.96,Dropout
13.04444444,11.9625,Graduate
11.96666667,11.96666667,Graduate
11.97142857,11.97142857,Graduate
11.97142857,11.97142857,Enrolled
14.4375,11.97142857,Graduate
12.65125,11.9725,Graduate
13.12857143,11.975,Graduate
13.75,11.975,Graduate
11.98,11.98,Enrolled
13.225,11.98,Graduate
12.28125,11.98333333,Graduate
11.98857143,11.98857143,Graduate
12.43142857,11.99444444,Graduate
0,12,Dropout
0,12,Dropout
0,12,Dropout
0,12,Dropout
0,12,Dropout
0,12,Dropout
0,12,Dropout
0,12,Enrolled
0,12,Dropout
0,12,Dropout
0,12,Dropout
0,12,Dropout
0,12,Dropout
0,12,Dropout
0,12,Dropout
0,12,Dropout
0,12,Dropout
0,12,Dropout
0,12,Dropout
10,12,Dropout
10,12,Dropout
10,12,Dropout
10,12,Dropout
10,12,Dropout
10.2,12,Enrolled
10.25,12,Enrolled
10.33333333,12,Enrolled
10.33333333,12,Enrolled
10.33333333,12,Dropout
10.5,12,Enrolled
10.5,12,Dropout
10.5,12,Enrolled
10.5,12,Dropout
10.5,12,Dropout
10.5,12,Dropout
10.66666667,12,Dropout
10.66666667,12,Dropout
10.66666667,12,Dropout
10.75,12,Enrolled
10.75,12,Enrolled
10.75,12,Dropout
10.8,12,Enrolled
10.8,12,Graduate
10.8,12,Dropout
11,12,Enrolled
11,12,Dropout
11,12,Enrolled
11,12,Dropout
11,12,Enrolled
11,12,Dropout
11,12,Enrolled
11,12,Graduate
11,12,Dropout
11,12,Dropout
11,12,Dropout
11,12,Enrolled
11,12,Dropout
11,12,Dropout
11,12,Dropout
11,12,Dropout
11,12,Dropout
11,12,Graduate
11,12,Dropout
11.14285714,12,Enrolled
11.16666667,12,Graduate
11.18181818,12,Enrolled
11.2,12,Dropout
11.2,12,Graduate
11.2,12,Graduate
11.22222222,12,Graduate
11.25,12,Enrolled
11.25,12,Enrolled
11.25,12,Graduate
11.25,12,Dropout
11.28571429,12,Graduate
11.33333333,12,Enrolled
11.33333333,12,Dropout
11.33333333,12,Dropout
11.33333333,12,Dropout
11.33333333,12,Dropout
11.33333333,12,Dropout
11.33333333,12,Enrolled
11.4,12,Graduate
11.4,12,Enrolled
11.4,12,Graduate
11.4,12,Graduate
11.4,12,Graduate
11.5,12,Dropout
11.5,12,Graduate
11.5,12,Graduate
11.5,12,Enrolled
11.5,12,Graduate
11.5,12,Enrolled
11.57142857,12,Dropout
11.57142857,12,Graduate
11.6,12,Graduate
11.6,12,Graduate
11.6,12,Dropout
11.6,12,Graduate
11.66666667,12,Graduate
11.66666667,12,Graduate
11.66666667,12,Dropout
11.66666667,12,Dropout
11.66666667,12,Enrolled
11.71428571,12,Graduate
11.75,12,Enrolled
11.8,12,Dropout
11.8,12,Dropout
11.83333333,12,Graduate
11.83333333,12,Dropout
12,12,Graduate
12,12,Enrolled
12,12,Enrolled
12,12,Dropout
12,12,Graduate
12,12,Dropout
12,12,Graduate
12,12,Graduate
12,12,Dropout
12,12,Dropout
12,12,Enrolled
12,12,Dropout
12,12,Dropout
12,12,Dropout
12,12,Dropout
12.14285714,12,Dropout
12.14285714,12,Graduate
12.14285714,12,Enrolled
12.16666667,12,Enrolled
12.16666667,12,Dropout
12.2,12,Graduate
12.25,12,Enrolled
12.28571429,12,Enrolled
12.30769231,12,Graduate
12.33333333,12,Graduate
12.33333333,12,Graduate
12.33333333,12,Enrolled
12.4,12,Enrolled
12.4,12,Graduate
12.42857143,12,Graduate
12.5,12,Dropout
12.5,12,Graduate
12.5,12,Graduate
12.5,12,Enrolled
12.5,12,Enrolled
12.5,12,Graduate
12.5,12,Graduate
12.5,12,Enrolled
12.5,12,Enrolled
12.5,12,Enrolled
12.5,12,Graduate
12.55555556,12,Graduate
12.5625,12,Dropout
12.6,12,Graduate
12.6,12,Graduate
12.625,12,Enrolled
12.66666667,12,Enrolled
12.66666667,12,Graduate
12.66666667,12,Enrolled
12.66666667,12,Graduate
12.66666667,12,Dropout
12.66666667,12,Enrolled
12.75,12,Enrolled
12.75,12,Dropout
12.75,12,Enrolled
12.75,12,Graduate
12.75,12,Graduate
12.8,12,Graduate
12.8,12,Graduate
12.8,12,Graduate
12.83333333,12,Graduate
12.83333333,12,Graduate
12.83333333,12,Graduate
12.85714286,12,Graduate
12.85714286,12,Graduate
12.85714286,12,Graduate
13,12,Graduate
13,12,Graduate
13,12,Enrolled
13,12,Graduate
13,12,Enrolled
13,12,Enrolled
13,12,Dropout
13,12,Graduate
13,12,Dropout
13,12,Graduate
13.2,12,Graduate
13.2,12,Dropout
13.25,12,Graduate
13.33333333,12,Graduate
13.4,12,Graduate
13.42857143,12,Enrolled
13.42857143,12,Graduate
13.5,12,Enrolled
13.57142857,12,Graduate
13.6,12,Graduate
13.625,12,Graduate
13.66666667,12,Enrolled
14,12,Graduate
14,12,Graduate
14.66666667,12,Dropout
14.8,12,Graduate
14.83333333,12,Graduate
15,12,Dropout
15,12,Graduate
12.002,12.002,Dropout
13.75,12.03571429,Enrolled
11.77142857,12.04,Enrolled
12.04142857,12.04142857,Graduate
12.04285714,12.04285714,Graduate
12.07142857,12.07142857,Graduate
12.27272727,12.07142857,Graduate
12.09090909,12.07692308,Graduate
12.08285714,12.08285714,Graduate
12.08428571,12.08428571,Graduate
12,12.09090909,Graduate
0,12.1,Dropout
12.6,12.1,Dropout
12.61666667,12.1,Enrolled
13.33333333,12.1,Graduate
12.11428571,12.11428571,Graduate
11.50625,12.12142857,Graduate
12,12.125,Enrolled
12.71428571,12.125,Graduate
13.3125,12.125,Enrolled
13.57142857,12.125,Graduate
14.42857143,12.125,Graduate
13.32857143,12.13571429,Graduate
12.91111111,12.1375,Graduate
0,12.14285714,Dropout
11.16666667,12.14285714,Graduate
11.33333333,12.14285714,Graduate
11.66666667,12.14285714,Graduate
12.25,12.14285714,Dropout
12.85714286,12.14285714,Graduate
13.14285714,12.14285714,Graduate
13.33333333,12.14285714,Graduate
13.375,12.14285714,Dropout
13.6,12.14285714,Graduate
13.66666667,12.14285714,Graduate
11.90909091,12.15384615,Enrolled
12.9,12.15384615,Dropout
11.34,12.16,Dropout
12.16,12.16,Enrolled
12.16,12.16,Graduate
13.4,12.16,Enrolled
13.825,12.1625,Graduate
0,12.16666667,Dropout
0,12.16666667,Dropout
10.33333333,12.16666667,Dropout
11,12.16666667,Dropout
11,12.16666667,Graduate
11.2,12.16666667,Enrolled
11.33333333,12.16666667,Graduate
11.66666667,12.16666667,Dropout
11.66666667,12.16666667,Graduate
11.66666667,12.16666667,Dropout
11.66666667,12.16666667,Graduate
11.675,12.16666667,Dropout
11.71428571,12.16666667,Graduate
11.75,12.16666667,Graduate
12,12.16666667,Graduate
12,12.16666667,Dropout
12,12.16666667,Graduate
12,12.16666667,Enrolled
12,12.16666667,Dropout
12.14285714,12.16666667,Graduate
12.14285714,12.16666667,Graduate
12.16666667,12.16666667,Graduate
12.16666667,12.16666667,Graduate
12.33333333,12.16666667,Graduate
12.4,12.16666667,Dropout
12.42857143,12.16666667,Graduate
12.5,12.16666667,Graduate
12.5,12.16666667,Enrolled
12.66666667,12.16666667,Graduate
12.75,12.16666667,Enrolled
12.75,12.16666667,Graduate
13,12.16666667,Graduate
13,12.16666667,Graduate
13.16666667,12.16666667,Graduate
13.28571429,12.16666667,Graduate
13.3,12.16666667,Dropout
13.5,12.16666667,Graduate
13.5,12.16666667,Graduate
13.66666667,12.16666667,Graduate
13.71428571,12.16666667,Graduate
13.8,12.16666667,Graduate
13.83333333,12.16666667,Graduate
14,12.16666667,Enrolled
14.42857143,12.16666667,Graduate
14.8,12.16666667,Dropout
15.28571429,12.16666667,Graduate
11.8125,12.18,Dropout
11.78333333,12.18333333,Enrolled
12.18333333,12.18333333,Graduate
12.19230769,12.19230769,Graduate
0,12.2,Dropout
0,12.2,Dropout
10.8,12.2,Enrolled
10.83333333,12.2,Enrolled
11.2,12.2,Graduate
11.25,12.2,Graduate
11.25,12.2,Graduate
11.33333333,12.2,Enrolled
11.4,12.2,Dropout
11.5,12.2,Graduate
11.5,12.2,Graduate
11.5,12.2,Dropout
11.5,12.2,Graduate
11.5,12.2,Graduate
11.5,12.2,Enrolled
11.6,12.2,Enrolled
11.75,12.2,Dropout
11.75,12.2,Dropout
11.8,12.2,Graduate
11.8,12.2,Graduate
11.8,12.2,Enrolled
12,12.2,Enrolled
12,12.2,Enrolled
12,12.2,Graduate
12.14285714,12.2,Dropout
12.2,12.2,Dropout
12.2,12.2,Graduate
12.2,12.2,Enrolled
12.2,12.2,Enrolled
12.22222222,12.2,Dropout
12.25,12.2,Dropout
12.33333333,12.2,Graduate
12.33333333,12.2,Dropout
12.33333333,12.2,Graduate
12.6,12.2,Enrolled
12.8,12.2,Graduate
12.8,12.2,Graduate
13,12.2,Enrolled
13.2,12.2,Graduate
14.6,12.2,Enrolled
11.38461538,12.21052632,Graduate
12.21428571,12.21428571,Graduate
14.0625,12.21428571,Graduate
12.11875,12.21714286,Graduate
11.6,12.22222222,Enrolled
12.38461538,12.22222222,Graduate
13,12.22222222,Dropout
13.2125,12.22857143,Graduate
12.24285714,12.24285714,Graduate
14.125,12.24285714,Graduate
0,12.25,Dropout
0,12.25,Dropout
10.16666667,12.25,Dropout
10.33333333,12.25,Dropout
10.5,12.25,Dropout
11,12.25,Enrolled
11,12.25,Graduate
11,12.25,Dropout
11,12.25,Dropout
11.33333333,12.25,Enrolled
11.5,12.25,Enrolled
11.5,12.25,Enrolled
11.6,12.25,Enrolled
11.66666667,12.25,Graduate
11.66666667,12.25,Enrolled
11.75,12.25,Graduate
11.8,12.25,Enrolled
11.85714286,12.25,Graduate
12,12.25,Enrolled
12,12.25,Dropout
12,12.25,Enrolled
12,12.25,Graduate
12,12.25,Graduate
12.2,12.25,Dropout
12.2,12.25,Enrolled
12.25,12.25,Dropout
12.33333333,12.25,Dropout
12.33333333,12.25,Graduate
12.5,12.25,Enrolled
12.66666667,12.25,Enrolled
12.75,12.25,Enrolled
12.75,12.25,Graduate
12.84615385,12.25,Graduate
13.28571429,12.25,Graduate
13.4,12.25,Enrolled
13.4,12.25,Graduate
13.71428571,12.25,Graduate
12.07142857,12.26666667,Graduate
13.65714286,12.27142857,Graduate
11.125,12.28571429,Graduate
11.42857143,12.28571429,Graduate
11.7375,12.28571429,Graduate
12,12.28571429,Graduate
12,12.28571429,Graduate
12.125,12.28571429,Enrolled
12.28571429,12.28571429,Enrolled
12.375,12.28571429,Graduate
12.4,12.28571429,Graduate
12.75,12.28571429,Graduate
12.83333333,12.28571429,Graduate
13,12.28571429,Graduate
13,12.28571429,Graduate
13.33333333,12.28571429,Enrolled
13.33333333,12.28571429,Graduate
13.5,12.28571429,Graduate
14,12.28571429,Dropout
14.16666667,12.28571429,Graduate
14.25,12.28571429,Enrolled
12.288,12.288,Dropout
12.3,12.3,Graduate
11.9,12.32,Enrolled
12.32,12.32,Graduate
12.32428571,12.32428571,Graduate
11.736,12.32777778,Graduate
12.32857143,12.32857143,Graduate
0,12.33333333,Dropout
0,12.33333333,Dropout
0,12.33333333,Dropout
0,12.33333333,Dropout
10,12.33333333,Graduate
10.25,12.33333333,Enrolled
10.5,12.33333333,Dropout
10.57142857,12.33333333,Enrolled
10.6,12.33333333,Enrolled
10.66666667,12.33333333,Graduate
10.66666667,12.33333333,Graduate
10.8,12.33333333,Enrolled
10.83333333,12.33333333,Enrolled
11,12.33333333,Dropout
11,12.33333333,Enrolled
11,12.33333333,Enrolled
11,12.33333333,Dropout
11.08333333,12.33333333,Dropout
11.25,12.33333333,Dropout
11.25,12.33333333,Enrolled
11.33333333,12.33333333,Graduate
11.4,12.33333333,Graduate
11.4,12.33333333,Graduate
11.5,12.33333333,Enrolled
11.5,12.33333333,Graduate
11.6,12.33333333,Graduate
11.6,12.33333333,Enrolled
11.66666667,12.33333333,Enrolled
11.66666667,12.33333333,Graduate
11.66666667,12.33333333,Dropout
11.77777778,12.33333333,Graduate
11.8,12.33333333,Graduate
11.83333333,12.33333333,Graduate
11.83333333,12.33333333,Graduate
12,12.33333333,Enrolled
12,12.33333333,Graduate
12,12.33333333,Graduate
12,12.33333333,Graduate
12,12.33333333,Graduate
12.10526316,12.33333333,Graduate
12.14285714,12.33333333,Graduate
12.16666667,12.33333333,Graduate
12.2,12.33333333,Graduate
12.33333333,12.33333333,Graduate
12.33333333,12.33333333,Graduate
12.33333333,12.33333333,Graduate
12.33333333,12.33333333,Graduate
12.4,12.33333333,Dropout
12.5,12.33333333,Graduate
12.5,12.33333333,Dropout
12.5,12.33333333,Dropout
12.57142857,12.33333333,Graduate
12.6,12.33333333,Graduate
12.6,12.33333333,Graduate
12.625,12.33333333,Enrolled
12.66666667,12.33333333,Graduate
12.72727273,12.33333333,Dropout
12.75,12.33333333,Dropout
12.83333333,12.33333333,Graduate
12.83333333,12.33333333,Enrolled
12.83333333,12.33333333,Graduate
13,12.33333333,Graduate
13,12.33333333,Graduate
13,12.33333333,Graduate
13,12.33333333,Graduate
13,12.33333333,Graduate
13,12.33333333,Graduate
13,12.33333333,Dropout
13.16666667,12.33333333,Dropout
13.2,12.33333333,Graduate
13.28571429,12.33333333,Graduate
13.33333333,12.33333333,Graduate
13.42857143,12.33333333,Graduate
13.5,12.33333333,Graduate
13.5,12.33333333,Dropout
13.5,12.33333333,Graduate
13.6,12.33333333,Graduate
13.66666667,12.33333333,Graduate
13.66666667,12.33333333,Graduate
14,12.33333333,Dropout
14,12.33333333,Graduate
14.2,12.33333333,Graduate
13.01875,12.34,Graduate
12.34285714,12.34285714,Graduate
12.5,12.35,Graduate
12.35571429,12.35571429,Graduate
12.35714286,12.35714286,Graduate
13,12.35714286,Graduate
12,12.36,Dropout
12.25,12.36363636,Dropout
12.36571429,12.36571429,Graduate
11.25,12.375,Dropout
11.66666667,12.375,Graduate
12.4,12.375,Graduate
12.58333333,12.375,Graduate
12.6,12.375,Enrolled
13.14285714,12.375,Graduate
12.72857143,12.38571429,Enrolled
13.75555556,12.38571429,Graduate
12.94285714,12.39666667,Graduate
10.4,12.4,Dropout
10.66666667,12.4,Dropout
10.75,12.4,Graduate
10.8,12.4,Graduate
10.83333333,12.4,Enrolled
11,12.4,Enrolled
11,12.4,Dropout
11.6,12.4,Graduate
11.8,12.4,Enrolled
11.8,12.4,Graduate
12,12.4,Graduate
12.15,12.4,Enrolled
12.4,12.4,Enrolled
12.4,12.4,Graduate
12.4,12.4,Graduate
12.5,12.4,Graduate
12.66666667,12.4,Graduate
12.66666667,12.4,Graduate
12.75,12.4,Enrolled
12.8,12.4,Graduate
12.8,12.4,Graduate
12.8,12.4,Graduate
12.8,12.4,Graduate
12.83333333,12.4,Graduate
13,12.4,Graduate
13,12.4,Dropout
13,12.4,Enrolled
13.16666667,12.4,Graduate
13.4,12.4,Graduate
13.42857143,12.4,Graduate
14.16666667,12.4,Enrolled
14.6,12.4,Graduate
15,12.4,Enrolled
11.80833333,12.40142857,Enrolled
12.40142857,12.40142857,Graduate
11.2625,12.4125,Graduate
12.41285714,12.41285714,Graduate
12.41428571,12.41428571,Graduate
13.5,12.41428571,Enrolled
12.415,12.415,Graduate
13,12.41666667,Graduate
10.85714286,12.42857143,Dropout
11.8,12.42857143,Graduate
11.90909091,12.42857143,Dropout
12.3,12.42857143,Enrolled
12.83333333,12.42857143,Graduate
14,12.42857143,Graduate
11.34714286,12.44428571,Graduate
12,12.44444444,Dropout
11.7,12.45,Enrolled
12.45,12.45,Graduate
12.45428571,12.45428571,Graduate
12.75,12.45454545,Graduate
12.45714286,12.45714286,Enrolled
13.5625,12.45714286,Graduate
12.46,12.46,Enrolled
11.1,12.46153846,Dropout
12.46428571,12.46428571,Graduate
11.4625,12.47142857,Enrolled
12.47142857,12.47142857,Graduate
12.47142857,12.47142857,Graduate
12.21052632,12.47619048,Graduate
12.48375,12.48375,Graduate
12.48571429,12.48571429,Graduate
12.9375,12.48571429,Graduate
12.49166667,12.49166667,Graduate
11.7125,12.49285714,Graduate
12.24285714,12.49571429,Dropout
0,12.5,Dropout
0,12.5,Dropout
0,12.5,Dropout
0,12.5,Dropout
0,12.5,Dropout
10,12.5,Enrolled
10,12.5,Dropout
10,12.5,Graduate
10.25,12.5,Dropout
10.25,12.5,Dropout
10.5,12.5,Enrolled
11,12.5,Enrolled
11,12.5,Dropout
11,12.5,Enrolled
11,12.5,Enrolled
11,12.5,Dropout
11.28571429,12.5,Enrolled
11.33333333,12.5,Dropout
11.42857143,12.5,Graduate
11.5,12.5,Enrolled
11.5,12.5,Graduate
11.5,12.5,Dropout
11.5,12.5,Graduate
11.5,12.5,Enrolled
11.5,12.5,Graduate
11.6,12.5,Dropout
11.6,12.5,Enrolled
11.66666667,12.5,Graduate
11.66666667,12.5,Dropout
11.75,12.5,Graduate
11.8,12.5,Dropout
11.8,12.5,Graduate
12,12.5,Dropout
12.14285714,12.5,Graduate
12.16666667,12.5,Graduate
12.16666667,12.5,Graduate
12.16666667,12.5,Graduate
12.16666667,12.5,Graduate
12.25,12.5,Graduate
12.33333333,12.5,Enrolled
12.33333333,12.5,Graduate
12.33333333,12.5,Dropout
12.4,12.5,Graduate
12.5,12.5,Enrolled
12.5,12.5,Enrolled
12.5,12.5,Graduate
12.5,12.5,Dropout
12.6,12.5,Dropout
12.6,12.5,Graduate
12.6,12.5,Graduate
12.66666667,12.5,Enrolled
12.66666667,12.5,Dropout
12.66666667,12.5,Graduate
12.66666667,12.5,Graduate
12.66666667,12.5,Graduate
12.71428571,12.5,Graduate
12.83333333,12.5,Graduate
12.83333333,12.5,Graduate
12.83333333,12.5,Graduate
13,12.5,Graduate
13,12.5,Graduate
13,12.5,Graduate
13,12.5,Dropout
13,12.5,Enrolled
13.04285714,12.5,Graduate
13.1375,12.5,Graduate
13.14285714,12.5,Graduate
13.25,12.5,Enrolled
13.28571429,12.5,Graduate
13.33333333,12.5,Graduate
13.33333333,12.5,Dropout
13.5,12.5,Dropout
13.5,12.5,Dropout
13.57142857,12.5,Dropout
13.66666667,12.5,Enrolled
13.83333333,12.5,Graduate
13.83333333,12.5,Graduate
14,12.5,Dropout
14.16666667,12.5,Graduate
14.25,12.5,Graduate
14.33333333,12.5,Enrolled
14.33333333,12.5,Dropout
14.6,12.5,Graduate
14.66666667,12.5,Enrolled
13.2,12.50625,Enrolled
12.5075,12.5075,Graduate
14.1875,12.5125,Graduate
13.07142857,12.51333333,Graduate
11.75,12.51428571,Dropout
12.51428571,12.51428571,Graduate
12.51666667,12.51666667,Dropout
12.52608696,12.52608696,Graduate
12.41666667,12.52857143,Enrolled
12.61428571,12.5375,Graduate
11.625,12.54545455,Enrolled
12.66666667,12.54545455,Graduate
12.54571429,12.54571429,Graduate
12.55375,12.55375,Graduate
11.11111111,12.55555556,Graduate
11.8,12.55555556,Enrolled
12.56,12.56,Dropout
12.85714286,12.5625,Graduate
12.16,12.565,Enrolled
11.625,12.57142857,Graduate
11.85714286,12.57142857,Graduate
12.16666667,12.57142857,Graduate
12.42857143,12.57142857,Graduate
12.55555556,12.57142857,Graduate
12.57142857,12.57142857,Enrolled
12.83333333,12.57142857,Dropout
13,12.57142857,Enrolled
13.28571429,12.57142857,Graduate
13.5,12.57142857,Graduate
13.66666667,12.57142857,Graduate
13.66666667,12.57142857,Enrolled
14.42857143,12.57142857,Graduate
12.11764706,12.57894737,Graduate
12.15714286,12.58,Graduate
12.67142857,12.58333333,Graduate
13.44285714,12.58571429,Graduate
13.35714286,12.58823529,Graduate
12.82,12.59125,Enrolled
12.6,12.6,Graduate
11,12.6,Enrolled
11,12.6,Enrolled
11.2,12.6,Graduate
11.25,12.6,Enrolled
11.25,12.6,Graduate
11.25,12.6,Enrolled
11.25,12.6,Graduate
11.4,12.6,Enrolled
11.5,12.6,Dropout
11.5,12.6,Graduate
11.575,12.6,Dropout
11.6,12.6,Graduate
11.6,12.6,Graduate
11.66666667,12.6,Enrolled
11.68571429,12.6,Enrolled
11.71428571,12.6,Graduate
11.8,12.6,Enrolled
11.8,12.6,Graduate
11.8,12.6,Enrolled
12,12.6,Graduate
12,12.6,Graduate
12.2,12.6,Graduate
12.33333333,12.6,Graduate
12.375,12.6,Enrolled
12.38,12.6,Dropout
12.4,12.6,Graduate
12.42857143,12.6,Enrolled
12.5,12.6,Dropout
12.6,12.6,Graduate
12.6,12.6,Graduate
12.66666667,12.6,Graduate
12.66666667,12.6,Graduate
12.75,12.6,Dropout
12.83333333,12.6,Enrolled
13,12.6,Graduate
13,12.6,Dropout
13,12.6,Dropout
13,12.6,Enrolled
13.2,12.6,Graduate
13.2,12.6,Graduate
13.25,12.6,Dropout
13.6,12.6,Dropout
13.71428571,12.6,Graduate
14,12.6,Graduate
14.5,12.6,Graduate
11.9,12.60625,Graduate
12.61,12.61,Graduate
12.61428571,12.61428571,Graduate
12.78947368,12.61904762,Graduate
12.5,12.62,Enrolled
14.16666667,12.62,Dropout
11,12.625,Enrolled
12.5125,12.625,Graduate
12.625,12.625,Graduate
13.0625,12.625,Graduate
13.2,12.625,Graduate
14.16666667,12.625,Graduate
14.5,12.625,Enrolled
12.62857143,12.62857143,Graduate
12.62857143,12.62857143,Graduate
12.63333333,12.63333333,Graduate
11,12.63636364,Graduate
12.6,12.63636364,Graduate
12.64285714,12.64285714,Graduate
12.20555556,12.64833333,Graduate
10.66666667,12.65,Dropout
11.1,12.65,Enrolled
12.44555556,12.65,Graduate
13.41111111,12.65,Dropout
12.65714286,12.65714286,Graduate
12.66571429,12.66571429,Graduate
0,12.66666667,Dropout
0,12.66666667,Dropout
0,12.66666667,Dropout
0,12.66666667,Dropout
10,12.66666667,Dropout
10,12.66666667,Dropout
11,12.66666667,Dropout
11,12.66666667,Enrolled
11,12.66666667,Graduate
11.14285714,12.66666667,Dropout
11.4,12.66666667,Graduate
11.4,12.66666667,Graduate
11.5,12.66666667,Graduate
11.5,12.66666667,Graduate
11.5,12.66666667,Dropout
11.5,12.66666667,Enrolled
11.66666667,12.66666667,Graduate
11.75,12.66666667,Enrolled
11.8,12.66666667,Dropout
11.83333333,12.66666667,Dropout
11.83333333,12.66666667,Graduate
11.83333333,12.66666667,Graduate
12,12.66666667,Graduate
12,12.66666667,Dropout
12,12.66666667,Graduate
12,12.66666667,Graduate
12,12.66666667,Enrolled
12,12.66666667,Graduate
12.14285714,12.66666667,Enrolled
12.14285714,12.66666667,Graduate
12.16666667,12.66666667,Graduate
12.16666667,12.66666667,Graduate
12.2,12.66666667,Graduate
12.2,12.66666667,Enrolled
12.25,12.66666667,Enrolled
12.25,12.66666667,Graduate
12.4,12.66666667,Graduate
12.42857143,12.66666667,Graduate
12.42857143,12.66666667,Graduate
12.5,12.66666667,Enrolled
12.5,12.66666667,Graduate
12.5,12.66666667,Enrolled
12.57142857,12.66666667,Graduate
12.6,12.66666667,Dropout
12.66666667,12.66666667,Graduate
12.66666667,12.66666667,Graduate
12.66666667,12.66666667,Graduate
12.66666667,12.66666667,Graduate
12.71428571,12.66666667,Graduate
12.75,12.66666667,Enrolled
12.8,12.66666667,Graduate
12.8,12.66666667,Graduate
12.83333333,12.66666667,Graduate
12.83333333,12.66666667,Graduate
12.83333333,12.66666667,Graduate
12.85714286,12.66666667,Graduate
13,12.66666667,Enrolled
13,12.66666667,Enrolled
13,12.66666667,Graduate
13,12.66666667,Graduate
13,12.66666667,Graduate
13,12.66666667,Graduate
13,12.66666667,Graduate
13,12.66666667,Graduate
13.125,12.66666667,Dropout
13.16666667,12.66666667,Enrolled
13.25,12.66666667,Graduate
13.33333333,12.66666667,Graduate
13.33333333,12.66666667,Graduate
13.4,12.66666667,Graduate
13.4,12.66666667,Graduate
13.5,12.66666667,Enrolled
13.5,12.66666667,Graduate
13.6,12.66666667,Enrolled
13.66666667,12.66666667,Graduate
13.77777778,12.66666667,Graduate
13.83333333,12.66666667,Dropout
14,12.66666667,Graduate
14.125,12.66666667,Graduate
14.375,12.66666667,Graduate
14.4,12.66666667,Graduate
14.6,12.66666667,Graduate
13.55,12.67,Graduate
12.675,12.675,Graduate
12.38461538,12.68421053,Graduate
12.68571429,12.68571429,Graduate
12,12.6875,Graduate
12.38461538,12.69230769,Graduate
12.69428571,12.69428571,Graduate
12.18181818,12.7,Graduate
12.27272727,12.7,Enrolled
12.96818182,12.7,Enrolled
13.475,12.7,Enrolled
13.57142857,12.7,Graduate
11,12.71428571,Dropout
11.83333333,12.71428571,Graduate
11.83333333,12.71428571,Graduate
12.28571429,12.71428571,Graduate
12.625,12.71428571,Graduate
12.71428571,12.71428571,Enrolled
13,12.71428571,Enrolled
13.5,12.71428571,Graduate
12.80555556,12.71857143,Dropout
13.7125,12.725,Graduate
12.6,12.72727273,Graduate
12.7,12.72727273,Dropout
14.625,12.72857143,Graduate
11.95,12.73333333,Graduate
12.73333333,12.73333333,Graduate
10.97857143,12.74,Dropout
12.74285714,12.74285714,Graduate
12.74428571,12.74428571,Graduate
0,12.75,Dropout
0,12.75,Dropout
0,12.75,Dropout
10,12.75,Enrolled
11,12.75,Enrolled
11,12.75,Dropout
11.33333333,12.75,Dropout
11.33333333,12.75,Graduate
11.33333333,12.75,Enrolled
11.5,12.75,Graduate
11.75,12.75,Graduate
12,12.75,Graduate
12.16666667,12.75,Graduate
12.28571429,12.75,Graduate
12.6,12.75,Dropout
12.66666667,12.75,Dropout
12.75,12.75,Graduate
13,12.75,Graduate
13,12.75,Enrolled
13.25,12.75,Graduate
13.4,12.75,Graduate
13.42857143,12.75,Graduate
14.33333333,12.75,Enrolled
14.75,12.75,Graduate
12.75714286,12.75714286,Graduate
12.75833333,12.75833333,Dropout
12.76428571,12.76428571,Graduate
13.54444444,12.76571429,Graduate
12.12857143,12.76666667,Graduate
12.76666667,12.76666667,Graduate
12.76666667,12.76666667,Graduate
12.77125,12.77125,Graduate
12.77142857,12.77142857,Graduate
12.77142857,12.77142857,Enrolled
13.22222222,12.77777778,Graduate
0,12.78333333,Dropout
12.84285714,12.78333333,Graduate
12.78571429,12.78571429,Graduate
13.875,12.78571429,Dropout
12.79142857,12.79142857,Graduate
0,12.8,Dropout
10,12.8,Enrolled
11,12.8,Graduate
11.2,12.8,Graduate
11.25,12.8,Graduate
11.42857143,12.8,Graduate
11.44444444,12.8,Graduate
11.5,12.8,Enrolled
11.6,12.8,Graduate
11.6,12.8,Enrolled
11.66666667,12.8,Dropout
11.85714286,12.8,Graduate
11.85714286,12.8,Graduate
12,12.8,Enrolled
12.2,12.8,Graduate
12.25,12.8,Enrolled
12.33333333,12.8,Graduate
12.6,12.8,Graduate
12.66666667,12.8,Enrolled
12.75,12.8,Graduate
12.8,12.8,Enrolled
13,12.8,Graduate
13.33333333,12.8,Dropout
13.4,12.8,Enrolled
13.66666667,12.8,Graduate
13.83333333,12.8,Graduate
14.2,12.8,Graduate
14.5,12.8,Enrolled
15.33333333,12.8,Graduate
12.82571429,12.80833333,Graduate
12.875,12.81666667,Enrolled
13.54545455,12.81818182,Graduate
12.6875,12.82857143,Graduate
12.82857143,12.82857143,Graduate
12.82875,12.82875,Dropout
12.82875,12.82875,Graduate
0,12.83333333,Dropout
11.16666667,12.83333333,Graduate
11.16666667,12.83333333,Graduate
11.4,12.83333333,Enrolled
11.66666667,12.83333333,Graduate
11.77777778,12.83333333,Graduate
11.8,12.83333333,Graduate
11.83333333,12.83333333,Graduate
12,12.83333333,Graduate
12,12.83333333,Graduate
12,12.83333333,Enrolled
12.16666667,12.83333333,Graduate
12.16666667,12.83333333,Graduate
12.16666667,12.83333333,Graduate
12.28571429,12.83333333,Graduate
12.33333333,12.83333333,Graduate
12.33333333,12.83333333,Graduate
12.5,12.83333333,Enrolled
12.57142857,12.83333333,Graduate
12.66666667,12.83333333,Graduate
12.66666667,12.83333333,Graduate
12.66666667,12.83333333,Graduate
12.83333333,12.83333333,Graduate
12.83333333,12.83333333,Graduate
12.83333333,12.83333333,Graduate
12.83333333,12.83333333,Graduate
12.85714286,12.83333333,Graduate
13,12.83333333,Enrolled
13.16666667,12.83333333,Graduate
13.25,12.83333333,Graduate
13.28571429,12.83333333,Graduate
13.33333333,12.83333333,Graduate
13.33333333,12.83333333,Graduate
13.4,12.83333333,Graduate
13.5,12.83333333,Graduate
13.83333333,12.83333333,Graduate
13.83333333,12.83333333,Graduate
14.23125,12.83571429,Graduate
15.5,12.8375,Graduate
12.84142857,12.84142857,Graduate
12.63636364,12.84615385,Graduate
12.8,12.84615385,Graduate
13.78888889,12.84714286,Graduate
12.62142857,12.85,Enrolled
12.76111111,12.85555556,Graduate
13.9125,12.85555556,Graduate
11.8,12.85714286,Graduate
12.3,12.85714286,Graduate
12.4,12.85714286,Enrolled
12.6,12.85714286,Graduate
12.66666667,12.85714286,Graduate
12.66666667,12.85714286,Enrolled
12.75,12.85714286,Enrolled
12.85714286,12.85714286,Graduate
13,12.85714286,Graduate
13.16666667,12.85714286,Graduate
13.16666667,12.85714286,Graduate
13.25,12.85714286,Graduate
13.33333333,12.85714286,Graduate
13.66666667,12.85714286,Graduate
13.66666667,12.85714286,Dropout
14.3,12.85714286,Graduate
12.858,12.858,Enrolled
11.56666667,12.86,Dropout
12.86,12.86,Graduate
12.86,12.86,Graduate
12.86,12.86,Enrolled
11.83333333,12.875,Graduate
12.14285714,12.875,Enrolled
12.9,12.875,Enrolled
13.4,12.875,Dropout
11.85625,12.87857143,Graduate
12.88625,12.88625,Graduate
12.8875,12.8875,Graduate
12.8875,12.8875,Graduate
13,12.88888889,Graduate
12.14285714,12.9,Dropout
12.36363636,12.9,Graduate
12.9,12.9,Graduate
13.09444444,12.90142857,Graduate
12.90857143,12.90857143,Graduate
13.55555556,12.90909091,Enrolled
12.91,12.91,Graduate
12.91428571,12.91428571,Graduate
12.91666667,12.91666667,Graduate
12.91666667,12.91666667,Graduate
14.5,12.91666667,Graduate
14.0625,12.92875,Dropout
13.71666667,12.93333333,Enrolled
12.93375,12.93375,Graduate
12.93875,12.93875,Graduate
11.58,12.94,Dropout
13.76,12.94,Enrolled
12.94428571,12.94428571,Graduate
12.95,12.95,Graduate
13.125,12.95,Dropout
12.96666667,12.96666667,Graduate
12.32142857,12.97166667,Graduate
12.98125,12.98125,Graduate
14.4625,12.98285714,Graduate
12.66875,12.99333333,Graduate
0,13,Dropout
0,13,Dropout
0,13,Dropout
0,13,Dropout
0,13,Dropout
0,13,Dropout
0,13,Dropout
0,13,Dropout
0,13,Dropout
0,13,Dropout
0,13,Dropout
0,13,Dropout
10,13,Dropout
10,13,Enrolled
10,13,Enrolled
10.4,13,Enrolled
10.66666667,13,Graduate
10.75,13,Graduate
10.83333333,13,Enrolled
11,13,Enrolled
11.25,13,Graduate
11.25,13,Enrolled
11.33333333,13,Dropout
11.4,13,Dropout
11.4,13,Dropout
11.42857143,13,Dropout
11.5,13,Graduate
11.5,13,Graduate
11.5,13,Dropout
11.5,13,Dropout
11.5,13,Enrolled
11.6,13,Dropout
11.6,13,Graduate
11.66666667,13,Enrolled
11.66666667,13,Dropout
11.66666667,13,Graduate
11.66666667,13,Enrolled
11.75,13,Dropout
11.8,13,Dropout
11.8,13,Dropout
11.83333333,13,Graduate
11.875,13,Graduate
11.875,13,Dropout
12,13,Enrolled
12,13,Enrolled
12,13,Dropout
12,13,Dropout
12,13,Dropout
12,13,Enrolled
12,13,Dropout
12,13,Enrolled
12,13,Dropout
12.16666667,13,Graduate
12.16666667,13,Graduate
12.2,13,Graduate
12.2,13,Enrolled
12.25,13,Dropout
12.25,13,Dropout
12.25,13,Graduate
12.25,13,Graduate
12.27272727,13,Graduate
12.33333333,13,Graduate
12.33333333,13,Enrolled
12.4,13,Graduate
12.4,13,Enrolled
12.4,13,Graduate
12.5,13,Graduate
12.5,13,Graduate
12.5,13,Graduate
12.5,13,Enrolled
12.5,13,Enrolled
12.5,13,Dropout
12.6,13,Graduate
12.6,13,Graduate
12.6,13,Enrolled
12.6,13,Enrolled
12.625,13,Graduate
12.66666667,13,Graduate
12.66666667,13,Graduate
12.8,13,Graduate
12.8,13,Graduate
12.83333333,13,Graduate
12.83333333,13,Graduate
12.85714286,13,Graduate
12.85714286,13,Graduate
12.88,13,Dropout
12.9,13,Dropout
13,13,Graduate
13,13,Graduate
13,13,Enrolled
13,13,Graduate
13,13,Graduate
13,13,Graduate
13,13,Graduate
13,13,Dropout
13,13,Graduate
13,13,Graduate
13,13,Graduate
13,13,Enrolled
13.14285714,13,Dropout
13.14285714,13,Dropout
13.14285714,13,Graduate
13.16666667,13,Graduate
13.2,13,Graduate
13.22222222,13,Graduate
13.25,13,Graduate
13.25,13,Graduate
13.26666667,13,Graduate
13.28571429,13,Graduate
13.28571429,13,Graduate
13.33333333,13,Dropout
13.33333333,13,Graduate
13.33333333,13,Graduate
13.4,13,Graduate
13.4,13,Graduate
13.5,13,Graduate
13.5,13,Graduate
13.66666667,13,Graduate
13.66666667,13,Graduate
13.66666667,13,Graduate
13.66666667,13,Graduate
13.71428571,13,Graduate
13.75,13,Dropout
13.75,13,Dropout
13.8,13,Dropout
13.8,13,Graduate
13.83333333,13,Graduate
13.83333333,13,Graduate
13.92727273,13,Graduate
14,13,Dropout
14,13,Graduate
14,13,Dropout
14,13,Graduate
14,13,Dropout
14,13,Enrolled
14,13,Graduate
14,13,Dropout
14.16666667,13,Graduate
14.16666667,13,Graduate
14.16666667,13,Graduate
14.2,13,Graduate
14.2125,13,Dropout
14.33333333,13,Graduate
14.83333333,13,Graduate
15,13,Graduate
15.0625,13,Graduate
15.33333333,13,Enrolled
13.01125,13.01125,Graduate
13.01666667,13.01666667,Enrolled
13.02428571,13.02428571,Graduate
13.81111111,13.025,Graduate
13.21875,13.03,Graduate
13.03333333,13.03333333,Graduate
12.5,13.04,Enrolled
13.595,13.04444444,Graduate
13.045,13.045,Graduate
13.30625,13.04666667,Dropout
13.05,13.05,Graduate
13.05375,13.05375,Graduate
15.8125,13.05555556,Graduate
13.05857143,13.05857143,Graduate
13.05875,13.05875,Graduate
12.30769231,13.05882353,Graduate
0,13.06,Enrolled
13.06666667,13.06666667,Dropout
13,13.07142857,Graduate
13.07285714,13.07285714,Graduate
13.07375,13.07375,Graduate
12.05,13.075,Graduate
12.36111111,13.075,Graduate
13.07571429,13.07571429,Graduate
13.08,13.08,Graduate
13.15,13.08166667,Graduate
12.95,13.08714286,Graduate
12.08333333,13.09090909,Graduate
12.55,13.09428571,Graduate
13.1,13.1,Graduate
14.8125,13.1,Graduate
13.105,13.105,Graduate
13.10571429,13.10571429,Graduate
13.11,13.11,Graduate
11.71428571,13.11111111,Graduate
14.85714286,13.11111111,Graduate
13.11625,13.11625,Graduate
13.11666667,13.11666667,Graduate
12.6,13.11714286,Graduate
12.33333333,13.125,Enrolled
12.71428571,13.125,Enrolled
13,13.125,Enrolled
13,13.125,Graduate
13.2,13.125,Graduate
13.126,13.126,Enrolled
13.19333333,13.128,Graduate
12.22142857,13.13333333,Graduate
13.24444444,13.135,Graduate
11.4,13.14285714,Graduate
11.83333333,13.14285714,Enrolled
12,13.14285714,Graduate
12.16666667,13.14285714,Graduate
12.5,13.14285714,Graduate
12.66666667,13.14285714,Dropout
12.83333333,13.14285714,Graduate
12.85714286,13.14285714,Graduate
14,13.14285714,Graduate
14.16666667,13.14285714,Graduate
14.33333333,13.14285714,Graduate
13.21428571,13.15,Graduate
15.06875,13.15,Graduate
13.15142857,13.15142857,Graduate
11,13.15384615,Graduate
13.15428571,13.15428571,Enrolled
13.15428571,13.15428571,Graduate
12.16666667,13.16666667,Graduate
12.4,13.16666667,Enrolled
12.42857143,13.16666667,Graduate
12.42857143,13.16666667,Graduate
12.5,13.16666667,Enrolled
12.5,13.16666667,Graduate
12.6,13.16666667,Enrolled
12.66666667,13.16666667,Graduate
12.66666667,13.16666667,Graduate
12.66666667,13.16666667,Graduate
12.66666667,13.16666667,Graduate
12.8,13.16666667,Graduate
13,13.16666667,Dropout
13,13.16666667,Graduate
13,13.16666667,Dropout
13,13.16666667,Graduate
13,13.16666667,Enrolled
13.16666667,13.16666667,Dropout
13.16666667,13.16666667,Graduate
13.2,13.16666667,Enrolled
13.2,13.16666667,Dropout
13.28571429,13.16666667,Graduate
13.33333333,13.16666667,Graduate
13.33333333,13.16666667,Enrolled
13.66666667,13.16666667,Graduate
13.83333333,13.16666667,Graduate
14,13.16666667,Enrolled
14,13.16666667,Graduate
14.14285714,13.16666667,Graduate
14.2,13.16666667,Dropout
15,13.16666667,Graduate
15.14285714,13.16666667,Dropout
15.625,13.16666667,Graduate
16,13.16666667,Graduate
14.875,13.175,Graduate
14.925,13.17571429,Graduate
13,13.17647059,Dropout
11.64285714,13.18181818,Graduate
12.90909091,13.18181818,Graduate
13.18333333,13.18333333,Graduate
12.89285714,13.188,Enrolled
14.23125,13.19,Graduate
13.0625,13.19857143,Graduate
0,13.2,Dropout
0,13.2,Dropout
10.6,13.2,Dropout
10.75,13.2,Dropout
11,13.2,Graduate
11.33333333,13.2,Graduate
11.4,13.2,Enrolled
11.8,13.2,Enrolled
11.8,13.2,Graduate
12,13.2,Graduate
12,13.2,Enrolled
12.5,13.2,Enrolled
12.5,13.2,Graduate
12.6,13.2,Enrolled
12.66666667,13.2,Graduate
12.66666667,13.2,Enrolled
12.8,13.2,Graduate
12.83333333,13.2,Enrolled
13,13.2,Graduate
13.2,13.2,Graduate
13.25,13.2,Enrolled
13.2575,13.2,Graduate
13.5,13.2,Dropout
13.6,13.2,Graduate
14.25,13.2,Enrolled
14.33333333,13.2,Graduate
14.4,13.2,Graduate
14.83333333,13.2,Graduate
13.21428571,13.21428571,Graduate
13.22,13.22,Graduate
13.14285714,13.22222222,Graduate
13.2325,13.2325,Graduate
13.74285714,13.2375,Dropout
13.24285714,13.24285714,Enrolled
13.24875,13.24875,Graduate
0,13.25,Enrolled
10.25,13.25,Dropout
10.5,13.25,Graduate
10.66666667,13.25,Enrolled
11,13.25,Graduate
11,13.25,Dropout
11.71428571,13.25,Graduate
11.8,13.25,Graduate
11.8,13.25,Graduate
11.83333333,13.25,Graduate
12,13.25,Graduate
12,13.25,Dropout
12.2,13.25,Enrolled
12.6,13.25,Dropout
12.72727273,13.25,Graduate
13.09090909,13.25,Graduate
13.75,13.25,Enrolled
13.82,13.25,Enrolled
13.8375,13.25,Enrolled
14.14285714,13.25,Graduate
14.33333333,13.25,Graduate
15.57142857,13.25,Graduate
13.25375,13.25375,Graduate
13.2575,13.2575,Graduate
13.25857143,13.25857143,Graduate
14.28625,13.26,Graduate
12.3,13.26666667,Dropout
13.26666667,13.26666667,Graduate
14.47142857,13.27142857,Graduate
12.94375,13.27166667,Graduate
13,13.27272727,Graduate
13.27625,13.27625,Graduate
11.6,13.28571429,Dropout
11.8,13.28571429,Graduate
12,13.28571429,Dropout
12.14285714,13.28571429,Enrolled
12.5,13.28571429,Dropout
12.875,13.28571429,Graduate
13,13.28571429,Graduate
13,13.28571429,Graduate
13.28571429,13.28571429,Graduate
13.33333333,13.28571429,Graduate
13.8,13.28571429,Graduate
14.33333333,13.28571429,Graduate
14.42857143,13.28571429,Graduate
14.6,13.28571429,Enrolled
14.8,13.28571429,Dropout
13.29,13.29,Enrolled
13.29166667,13.29166667,Graduate
14.11428571,13.29666667,Graduate
13.29714286,13.29714286,Graduate
13.3,13.3,Graduate
13.72727273,13.3,Graduate
14.345,13.3,Graduate
15.125,13.3,Graduate
14.545,13.30625,Graduate
12.81818182,13.30769231,Enrolled
12.55,13.30857143,Graduate
13.31,13.31,Graduate
15.6375,13.3125,Graduate
12.575,13.31428571,Graduate
12.875,13.31428571,Graduate
13.31428571,13.31428571,Graduate
13.31428571,13.31428571,Graduate
13.32714286,13.32714286,Dropout
13.32857143,13.32857143,Graduate
13.33142857,13.33142857,Graduate
10.75,13.33333333,Dropout
11,13.33333333,Dropout
11.4,13.33333333,Enrolled
11.5,13.33333333,Graduate
11.6,13.33333333,Dropout
11.8,13.33333333,Graduate
11.83333333,13.33333333,Graduate
12,13.33333333,Graduate
12.2,13.33333333,Enrolled
12.27272727,13.33333333,Graduate
12.33333333,13.33333333,Graduate
12.4,13.33333333,Graduate
12.5,13.33333333,Dropout
12.54545455,13.33333333,Graduate
12.57142857,13.33333333,Graduate
12.66666667,13.33333333,Dropout
12.66666667,13.33333333,Graduate
12.75,13.33333333,Graduate
12.75,13.33333333,Enrolled
12.8,13.33333333,Graduate
12.8,13.33333333,Graduate
12.8,13.33333333,Dropout
12.81818182,13.33333333,Enrolled
12.875,13.33333333,Dropout
13,13.33333333,Enrolled
13,13.33333333,Graduate
13.11111111,13.33333333,Enrolled
13.16666667,13.33333333,Graduate
13.2,13.33333333,Graduate
13.2,13.33333333,Graduate
13.28571429,13.33333333,Graduate
13.33333333,13.33333333,Graduate
13.33333333,13.33333333,Graduate
13.375,13.33333333,Graduate
13.4,13.33333333,Graduate
13.5,13.33333333,Dropout
13.5,13.33333333,Graduate
13.5,13.33333333,Graduate
13.57142857,13.33333333,Graduate
13.6,13.33333333,Graduate
13.66666667,13.33333333,Graduate
13.8,13.33333333,Graduate
14,13.33333333,Enrolled
14,13.33333333,Graduate
14,13.33333333,Graduate
14.16666667,13.33333333,Graduate
14.16666667,13.33333333,Graduate
14.5,13.33333333,Graduate
14.5,13.33333333,Graduate
14.5,13.33333333,Graduate
14.66666667,13.33333333,Graduate
14.66666667,13.33333333,Graduate
14.66666667,13.33333333,Graduate
14.8,13.33333333,Graduate
15.28571429,13.33333333,Graduate
16,13.33333333,Dropout
13.20714286,13.336,Graduate
10.84,13.34,Enrolled
12.38571429,13.34,Enrolled
13.3425,13.3425,Graduate
11.65,13.34285714,Graduate
13.345,13.345,Enrolled
13.3475,13.3475,Graduate
13.35,13.35,Graduate
14.44444444,13.3625,Graduate
13.3675,13.3675,Graduate
12.83333333,13.37,Graduate
13.66666667,13.37142857,Graduate
12.11666667,13.375,Enrolled
12.28571429,13.375,Graduate
13,13.375,Graduate
13.5,13.375,Enrolled
14.16666667,13.375,Graduate
13.38125,13.38125,Graduate
13.38142857,13.38142857,Graduate
13.38333333,13.38333333,Graduate
14.28571429,13.38461538,Graduate
13.385,13.385,Graduate
13.3875,13.38571429,Graduate
15.925,13.38571429,Graduate
15.9,13.3875,Graduate
14.88888889,13.38888889,Graduate
12.75714286,13.39,Enrolled
13.39125,13.39125,Graduate
12.4875,13.39166667,Graduate
13.55473684,13.39473684,Graduate
13.5425,13.398,Graduate
10.66666667,13.4,Enrolled
11.4,13.4,Graduate
12,13.4,Enrolled
12.2,13.4,Graduate
12.2,13.4,Graduate
12.2,13.4,Graduate
12.375,13.4,Graduate
12.4,13.4,Graduate
12.4,13.4,Graduate
12.6,13.4,Graduate
12.8,13.4,Graduate
12.8,13.4,Graduate
12.83333333,13.4,Graduate
13,13.4,Enrolled
13,13.4,Graduate
13.16666667,13.4,Graduate
13.25,13.4,Dropout
13.4,13.4,Graduate
13.5,13.4,Enrolled
13.5,13.4,Enrolled
13.66666667,13.4,Graduate
14,13.4,Graduate
15,13.4,Graduate
13.40375,13.40375,Graduate
13.29444444,13.41142857,Enrolled
13.41428571,13.41428571,Dropout
13.41625,13.41625,Graduate
13.41666667,13.41666667,Graduate
14.5,13.41666667,Graduate
13.4173913,13.4173913,Graduate
12.18888889,13.42222222,Graduate
13.42375,13.42375,Graduate
13.4275,13.4275,Graduate
11.33333333,13.42857143,Dropout
11.5,13.42857143,Enrolled
11.6,13.42857143,Graduate
12.4,13.42857143,Graduate
12.5,13.42857143,Graduate
12.66666667,13.42857143,Enrolled
12.66666667,13.42857143,Graduate
12.85714286,13.42857143,Graduate
13.125,13.42857143,Graduate
13.14285714,13.42857143,Graduate
13.16666667,13.42857143,Graduate
13.25,13.42857143,Graduate
13.5,13.42857143,Graduate
13.625,13.42857143,Graduate
14,13.42857143,Enrolled
14.14285714,13.42857143,Graduate
14.75,13.42857143,Graduate
14.85714286,13.42857143,Graduate
15.3125,13.42857143,Graduate
13.6,13.43333333,Graduate
13.435,13.435,Graduate
13.06666667,13.44,Enrolled
13.44285714,13.44285714,Graduate
13.74444444,13.44285714,Graduate
13.77142857,13.44285714,Dropout
15.075,13.44285714,Graduate
12.6,13.44444444,Graduate
14.71428571,13.44444444,Dropout
13.45,13.45,Graduate
12.42857143,13.45454545,Graduate
13.875,13.45454545,Dropout
14.5125,13.45714286,Graduate
15.125,13.45714286,Graduate
12.2375,13.46,Dropout
13.16428571,13.46285714,Enrolled
13.90625,13.46285714,Graduate
14.78888889,13.46428571,Graduate
13.64285714,13.46666667,Graduate
15.01111111,13.46714286,Graduate
13.31375,13.46875,Graduate
13.32625,13.47,Graduate
13.94444444,13.47142857,Graduate
13.48333333,13.48333333,Graduate
13.48571429,13.48571429,Graduate
13.48714286,13.48714286,Graduate
12.68888889,13.49285714,Graduate
13.49666667,13.49666667,Enrolled
0,13.5,Dropout
0,13.5,Dropout
0,13.5,Dropout
0,13.5,Dropout
0,13.5,Dropout
0,13.5,Dropout
10.66666667,13.5,Enrolled
11,13.5,Enrolled
11.16666667,13.5,Graduate
11.16666667,13.5,Graduate
11.225,13.5,Dropout
11.28571429,13.5,Graduate
11.4,13.5,Enrolled
11.6,13.5,Graduate
11.66666667,13.5,Dropout
12,13.5,Graduate
12.16666667,13.5,Graduate
12.33333333,13.5,Graduate
12.33333333,13.5,Enrolled
12.33333333,13.5,Graduate
12.5,13.5,Graduate
12.5,13.5,Graduate
12.5,13.5,Graduate
12.5,13.5,Graduate
12.5,13.5,Graduate
12.6,13.5,Graduate
12.66666667,13.5,Graduate
12.8,13.5,Dropout
12.83333333,13.5,Graduate
13,13.5,Graduate
13,13.5,Dropout
13,13.5,Graduate
13,13.5,Graduate
13,13.5,Graduate
13.16666667,13.5,Graduate
13.2,13.5,Graduate
13.28571429,13.5,Graduate
13.33333333,13.5,Graduate
13.33333333,13.5,Enrolled
13.4,13.5,Enrolled
13.42857143,13.5,Graduate
13.42857143,13.5,Graduate
13.5,13.5,Graduate
13.57142857,13.5,Graduate
13.625,13.5,Graduate
13.625,13.5,Enrolled
13.66666667,13.5,Graduate
13.71428571,13.5,Graduate
13.75,13.5,Graduate
14,13.5,Graduate
14,13.5,Enrolled
14,13.5,Graduate
14,13.5,Graduate
14,13.5,Graduate
14.16666667,13.5,Graduate
14.25,13.5,Dropout
14.33333333,13.5,Graduate
14.4,13.5,Graduate
14.4,13.5,Dropout
14.42857143,13.5,Graduate
14.5,13.5,Graduate
15.33333333,13.5,Dropout
16.2,13.5,Dropout
13.05,13.50714286,Graduate
13.51285714,13.51285714,Graduate
13.51428571,13.51428571,Graduate
13.51666667,13.51666667,Graduate
13.77142857,13.51666667,Graduate
14.65555556,13.52857143,Graduate
12.22857143,13.53333333,Enrolled
13.53333333,13.53333333,Graduate
13.61428571,13.53333333,Graduate
13.54285714,13.54285714,Graduate
14.22222222,13.54285714,Graduate
13.57142857,13.54545455,Graduate
14.775,13.54833333,Enrolled
13.55,13.55,Graduate
14.1875,13.55,Graduate
12.66666667,13.55555556,Graduate
13.57142857,13.55555556,Graduate
13.2,13.55714286,Graduate
13.55714286,13.55714286,Graduate
14.02625,13.56875,Graduate
11.8,13.57142857,Graduate
12.16666667,13.57142857,Graduate
12.16666667,13.57142857,Graduate
12.33333333,13.57142857,Graduate
12.375,13.57142857,Graduate
12.5,13.57142857,Graduate
12.66666667,13.57142857,Graduate
12.71428571,13.57142857,Graduate
12.8,13.57142857,Enrolled
13.16666667,13.57142857,Graduate
13.2,13.57142857,Graduate
13.25,13.57142857,Dropout
13.33333333,13.57142857,Graduate
13.4,13.57142857,Enrolled
13.6,13.57142857,Enrolled
13.77777778,13.57142857,Graduate
14,13.57142857,Graduate
14.33333333,13.57142857,Graduate
15.28571429,13.57142857,Graduate
13.57625,13.57625,Graduate
12.93625,13.58,Graduate
13.58333333,13.58333333,Graduate
13.58571429,13.58571429,Graduate
14.6875,13.58571429,Graduate
11.93333333,13.59833333,Enrolled
11.6,13.6,Enrolled
11.75,13.6,Enrolled
11.8,13.6,Dropout
12,13.6,Dropout
12.2,13.6,Graduate
12.2,13.6,Graduate
12.4,13.6,Graduate
12.6,13.6,Graduate
12.66666667,13.6,Graduate
12.66666667,13.6,Dropout
12.66666667,13.6,Graduate
12.83333333,13.6,Graduate
13,13.6,Graduate
13,13.6,Enrolled
13.25,13.6,Graduate
13.6,13.6,Graduate
13.6,13.6,Dropout
13.66666667,13.6,Enrolled
14.2,13.6,Graduate
14.25,13.6,Enrolled
14.6,13.6,Graduate
14.6,13.6,Graduate
15.11111111,13.6,Graduate
12.33125,13.605,Graduate
14.575,13.6125,Graduate
13.61428571,13.61428571,Graduate
13.61428571,13.61428571,Graduate
14.25,13.61538462,Graduate
11.75,13.625,Dropout
12.16666667,13.625,Graduate
12.6,13.625,Graduate
12.6375,13.625,Enrolled
14,13.625,Graduate
14.28571429,13.625,Graduate
14.42857143,13.625,Graduate
13.9125,13.62857143,Graduate
13.63,13.63,Graduate
14.3875,13.6375,Graduate
14.3875,13.64285714,Dropout
14.77272727,13.64285714,Graduate
10.25,13.66666667,Enrolled
10.66666667,13.66666667,Dropout
11.33333333,13.66666667,Dropout
11.33333333,13.66666667,Dropout
12,13.66666667,Graduate
12,13.66666667,Graduate
12.16666667,13.66666667,Graduate
12.25,13.66666667,Dropout
12.33333333,13.66666667,Graduate
12.5,13.66666667,Dropout
12.83333333,13.66666667,Graduate
13,13.66666667,Graduate
13,13.66666667,Graduate
13,13.66666667,Graduate
13,13.66666667,Graduate
13.2,13.66666667,Graduate
13.2,13.66666667,Graduate
13.33333333,13.66666667,Graduate
13.33333333,13.66666667,Graduate
13.33333333,13.66666667,Graduate
13.33333333,13.66666667,Graduate
13.5,13.66666667,Enrolled
13.5,13.66666667,Graduate
13.5,13.66666667,Dropout
13.6,13.66666667,Graduate
13.66666667,13.66666667,Graduate
13.66666667,13.66666667,Graduate
13.83333333,13.66666667,Graduate
14,13.66666667,Graduate
14,13.66666667,Graduate
14.16666667,13.66666667,Graduate
14.16666667,13.66666667,Graduate
14.5,13.66666667,Graduate
14.57142857,13.66666667,Graduate
14.66666667,13.66666667,Graduate
15.4,13.66666667,Graduate
13.67,13.67,Enrolled
13.67142857,13.67142857,Graduate
14.53333333,13.67714286,Graduate
13.68142857,13.68142857,Enrolled
13.11666667,13.68333333,Graduate
13.68333333,13.68333333,Graduate
15.3875,13.68571429,Graduate
15.62222222,13.6875,Dropout
14.35555556,13.69428571,Graduate
0,13.7,Dropout
13.7,13.7,Graduate
13.7,13.7,Graduate
13.99444444,13.7,Graduate
14.02222222,13.7,Graduate
14.67142857,13.7,Graduate
12.08333333,13.71428571,Graduate
12.8,13.71428571,Dropout
13.14285714,13.71428571,Graduate
13.16666667,13.71428571,Graduate
13.33333333,13.71428571,Dropout
13.71428571,13.71428571,Graduate
13.71428571,13.71428571,Graduate
14.16666667,13.71428571,Graduate
14.33333333,13.71428571,Dropout
14.375,13.71428571,Graduate
14.4,13.71428571,Graduate
14.71428571,13.71428571,Graduate
14.86363636,13.71428571,Graduate
14.5,13.72571429,Graduate
14.75,13.72727273,Graduate
13.73125,13.73125,Graduate
13.77142857,13.73166667,Dropout
13.75,13.73684211,Graduate
14.9125,13.74166667,Graduate
13.74285714,13.74285714,Graduate
13.74625,13.74625,Graduate
0,13.75,Dropout
11.2,13.75,Enrolled
11.55555556,13.75,Graduate
11.85714286,13.75,Graduate
12,13.75,Enrolled
12.16666667,13.75,Graduate
12.5,13.75,Graduate
12.6,13.75,Enrolled
13.2,13.75,Dropout
14.33333333,13.75,Graduate
14.47777778,13.75,Graduate
14.5,13.75,Graduate
14.5,13.75,Graduate
14.75,13.75,Graduate
14.85714286,13.75,Graduate
13.57142857,13.755,Graduate
12.06375,13.76111111,Enrolled
12.82375,13.76111111,Graduate
13.76125,13.76125,Graduate
13.76375,13.76375,Graduate
13.76375,13.76375,Graduate
12.06666667,13.76666667,Dropout
13.74444444,13.76666667,Dropout
14.05142857,13.76666667,Graduate
14.58333333,13.76923077,Graduate
15.6,13.77571429,Graduate
13.12222222,13.77857143,Graduate
12.6125,13.78,Graduate
13.661,13.78,Graduate
13.78,13.78,Dropout
13.78125,13.78125,Graduate
13.88888889,13.78571429,Graduate
14.1,13.78571429,Graduate
13.775,13.79666667,Graduate
13.775,13.79714286,Enrolled
13.79857143,13.79857143,Graduate
14.75625,13.79857143,Graduate
12,13.8,Graduate
12.16666667,13.8,Graduate
12.4,13.8,Enrolled
12.4,13.8,Graduate
12.6,13.8,Graduate
12.8,13.8,Graduate
12.83333333,13.8,Graduate
13,13.8,Graduate
13.14285714,13.8,Graduate
13.66666667,13.8,Graduate
13.8,13.8,Graduate
13.8,13.8,Graduate
13.83333333,13.8,Graduate
14,13.8,Dropout
14.14285714,13.8,Graduate
14.575,13.80142857,Graduate
14.2725,13.805,Graduate
13.81375,13.81375,Graduate
13.81428571,13.81428571,Graduate
13.81714286,13.81714286,Graduate
13.45454545,13.81818182,Graduate
13.46153846,13.81818182,Graduate
13.82857143,13.82857143,Graduate
0,13.83333333,Dropout
0,13.83333333,Dropout
11.83333333,13.83333333,Graduate
12.3,13.83333333,Enrolled
12.5,13.83333333,Graduate
12.5,13.83333333,Graduate
12.5,13.83333333,Graduate
12.66666667,13.83333333,Graduate
12.83333333,13.83333333,Graduate
12.83333333,13.83333333,Graduate
13,13.83333333,Dropout
13.125,13.83333333,Graduate
13.5,13.83333333,Graduate
13.5,13.83333333,Graduate
13.625,13.83333333,Graduate
13.66666667,13.83333333,Graduate
13.66666667,13.83333333,Graduate
13.66666667,13.83333333,Graduate
13.71428571,13.83333333,Graduate
13.71428571,13.83333333,Graduate
13.875,13.83333333,Graduate
14,13.83333333,Graduate
14,13.83333333,Dropout
14,13.83333333,Graduate
14.16666667,13.83333333,Graduate
14.28571429,13.83333333,Graduate
14.42857143,13.83333333,Graduate
14.5,13.83333333,Graduate
14.55555556,13.83333333,Graduate
14.57142857,13.83333333,Graduate
15,13.83333333,Graduate
15.4,13.83333333,Graduate
15.5,13.83333333,Graduate
13.84285714,13.84285714,Graduate
12.55555556,13.84615385,Dropout
14.09090909,13.84615385,Graduate
12.19285714,13.85,Graduate
12.57142857,13.85714286,Graduate
12.8,13.85714286,Graduate
13,13.85714286,Graduate
13.1,13.85714286,Graduate
13.14285714,13.85714286,Dropout
13.28571429,13.85714286,Graduate
13.4,13.85714286,Graduate
13.66666667,13.85714286,Graduate
13.85714286,13.85714286,Graduate
14,13.85714286,Graduate
14.16666667,13.85714286,Graduate
14.28571429,13.85714286,Graduate
14.28571429,13.85714286,Graduate
14.9,13.85714286,Graduate
15,13.85714286,Graduate
0,13.86166667,Dropout
14.17857143,13.86333333,Graduate
13.86714286,13.86714286,Graduate
12.5,13.875,Dropout
12.7,13.875,Dropout
13.71428571,13.875,Graduate
14,13.875,Graduate
14.14285714,13.875,Graduate
14.33333333,13.875,Graduate
13.08571429,13.87571429,Graduate
15.6625,13.87714286,Graduate
13.88125,13.88125,Graduate
14.75,13.88428571,Dropout
14.86444444,13.8875,Graduate
14.3625,13.89428571,Graduate
13.9,13.9,Graduate
13.9,13.9,Graduate
13.9,13.9,Graduate
14.10625,13.91428571,Graduate
13.91666667,13.91666667,Graduate
13.8875,13.91857143,Graduate
14.25,13.92307692,Graduate
13.92571429,13.92571429,Graduate
14.34285714,13.928,Graduate
13.93714286,13.93714286,Graduate
13.9475,13.9475,Graduate
13.95714286,13.95714286,Graduate
14.71875,13.95833333,Graduate
13.96666667,13.96666667,Graduate
13.96666667,13.96666667,Graduate
13.97142857,13.97142857,Graduate
15.75,13.97142857,Graduate
12.04166667,13.97666667,Enrolled
13.22222222,13.97666667,Enrolled
13.98,13.98,Enrolled
13.98333333,13.98333333,Graduate
14.95555556,13.99571429,Graduate
0,14,Dropout
0,14,Dropout
0,14,Dropout
0,14,Dropout
0,14,Dropout
0,14,Dropout
0,14,Dropout
0,14,Dropout
0,14,Dropout
0,14,Dropout
0,14,Dropout
0,14,Dropout
11,14,Enrolled
11,14,Enrolled
11,14,Graduate
11.6,14,Enrolled
11.75,14,Enrolled
12,14,Enrolled
12,14,Graduate
12,14,Graduate
12.2,14,Dropout
12.28571429,14,Graduate
12.33333333,14,Graduate
12.33333333,14,Graduate
12.4,14,Graduate
12.525,14,Enrolled
12.66666667,14,Graduate
12.66666667,14,Enrolled
12.8,14,Graduate
13,14,Enrolled
13,14,Graduate
13,14,Graduate
13.1,14,Graduate
13.125,14,Graduate
13.14285714,14,Graduate
13.16666667,14,Graduate
13.2,14,Graduate
13.25,14,Enrolled
13.28571429,14,Graduate
13.33333333,14,Graduate
13.33333333,14,Graduate
13.33333333,14,Graduate
13.5,14,Graduate
13.5,14,Dropout
13.5,14,Dropout
13.5,14,Graduate
13.6,14,Graduate
13.61538462,14,Graduate
13.625,14,Graduate
13.66666667,14,Graduate
13.66666667,14,Dropout
13.66666667,14,Graduate
13.66666667,14,Graduate
13.8,14,Enrolled
13.8,14,Graduate
13.8,14,Graduate
13.8,14,Graduate
13.85714286,14,Dropout
13.85714286,14,Graduate
13.85714286,14,Enrolled
14,14,Graduate
14,14,Graduate
14,14,Enrolled
14,14,Graduate
14,14,Enrolled
14.16666667,14,Graduate
14.16666667,14,Graduate
14.16666667,14,Graduate
14.2,14,Graduate
14.5,14,Dropout
14.57142857,14,Graduate
14.625,14,Dropout
14.66666667,14,Graduate
14.66666667,14,Graduate
14.66666667,14,Graduate
14.71428571,14,Graduate
14.8,14,Enrolled
14.8,14,Graduate
15,14,Graduate
15,14,Enrolled
15,14,Graduate
15.4,14,Graduate
15.5,14,Graduate
15.6,14,Graduate
15.66666667,14,Graduate
13.81285714,14.00375,Graduate
14.01428571,14.01428571,Enrolled
15.35,14.01428571,Graduate
14.01666667,14.01666667,Graduate
14.03333333,14.03333333,Graduate
14.035,14.035,Graduate
15.1,14.05,Graduate
14.6,14.05714286,Graduate
11.24285714,14.06,Enrolled
12.57142857,14.06,Enrolled
14.06,14.06,Enrolled
14.06666667,14.06666667,Graduate
14.07125,14.07125,Graduate
15.1625,14.07142857,Graduate
14.0475,14.07222222,Graduate
14.08571429,14.08571429,Enrolled
15,14.09333333,Graduate
13.3125,14.1,Graduate
14.1,14.1,Graduate
13.6625,14.10571429,Graduate
14.11,14.11,Graduate
14.23076923,14.11111111,Graduate
15.91111111,14.11428571,Dropout
14.11571429,14.11571429,Graduate
12.6,14.125,Graduate
13,14.125,Graduate
14.5,14.125,Graduate
14.36875,14.12571429,Graduate
13.98375,14.13125,Graduate
14.13714286,14.13714286,Graduate
14.14125,14.14125,Graduate
12,14.14285714,Dropout
13,14.14285714,Graduate
13.5,14.14285714,Graduate
14.125,14.14285714,Enrolled
14.8,14.14285714,Graduate
15,14.14285714,Graduate
13.62777778,14.14571429,Graduate
14.15,14.15,Graduate
14.15,14.15,Graduate
14.51125,14.15,Graduate
14.15375,14.15375,Graduate
15.42857143,14.15384615,Graduate
11.75,14.16666667,Graduate
12.2,14.16666667,Graduate
12.33333333,14.16666667,Graduate
12.375,14.16666667,Graduate
12.5,14.16666667,Graduate
12.83333333,14.16666667,Graduate
13,14.16666667,Graduate
13,14.16666667,Graduate
13.42857143,14.16666667,Enrolled
13.5,14.16666667,Graduate
13.5,14.16666667,Graduate
13.625,14.16666667,Graduate
13.66666667,14.16666667,Graduate
13.66666667,14.16666667,Graduate
13.77777778,14.16666667,Graduate
13.83333333,14.16666667,Graduate
14,14.16666667,Graduate
14,14.16666667,Graduate
14,14.16666667,Graduate
14.16666667,14.16666667,Graduate
14.33333333,14.16666667,Graduate
14.85714286,14.16666667,Graduate
15,14.16666667,Graduate
13.03125,14.175,Graduate
11.8,14.2,Graduate
11.85714286,14.2,Enrolled
12.2,14.2,Graduate
12.4,14.2,Dropout
13.25,14.2,Dropout
13.28571429,14.2,Graduate
13.5,14.2,Enrolled
13.5,14.2,Enrolled
13.8,14.2,Enrolled
13.83333333,14.2,Graduate
14.16666667,14.2,Graduate
14.2,14.2,Graduate
14.2,14.2,Graduate
14.2,14.2,Enrolled
14.2,14.2,Graduate
14.2,14.2,Graduate
14.2,14.2,Graduate
14.57142857,14.2,Graduate
14.6,14.2,Enrolled
14.8,14.2,Graduate
15.12777778,14.20857143,Graduate
14.21428571,14.21428571,Graduate
12.8,14.22222222,Dropout
13.75,14.22222222,Graduate
14.23285714,14.23285714,Graduate
14.23333333,14.23333333,Graduate
14.24,14.24,Graduate
12.23333333,14.24444444,Graduate
10,14.25,Enrolled
11,14.25,Graduate
12,14.25,Enrolled
12.5,14.25,Graduate
12.71428571,14.25,Enrolled
13.06363636,14.25,Graduate
13.2,14.25,Dropout
13.4,14.25,Graduate
13.85714286,14.25,Graduate
14,14.25,Graduate
14,14.25,Graduate
14.25,14.25,Graduate
14.75,14.25,Graduate
14.2525,14.2525,Graduate
14.25714286,14.25714286,Graduate
14.26666667,14.26666667,Graduate
14.26666667,14.26666667,Graduate
14.26875,14.26875,Enrolled
14.81818182,14.27272727,Graduate
13.12555556,14.28333333,Graduate
13,14.28571429,Enrolled
13.16666667,14.28571429,Graduate
13.25,14.28571429,Graduate
14.28571429,14.28571429,Graduate
14.85714286,14.28571429,Graduate
14.05555556,14.3,Graduate
14.2,14.3,Graduate
15.0125,14.30714286,Graduate
15.23076923,14.30769231,Graduate
14.31285714,14.31285714,Graduate
14.31428571,14.31428571,Graduate
14.31428571,14.31428571,Graduate
14.31666667,14.31666667,Graduate
14.32857143,14.32857143,Graduate
0,14.33333333,Dropout
12,14.33333333,Graduate
12.42857143,14.33333333,Enrolled
12.5,14.33333333,Enrolled
12.625,14.33333333,Enrolled
12.83333333,14.33333333,Enrolled
13,14.33333333,Graduate
13.5,14.33333333,Graduate
13.5,14.33333333,Graduate
13.77142857,14.33333333,Graduate
13.83333333,14.33333333,Graduate
13.85714286,14.33333333,Graduate
14,14.33333333,Enrolled
14,14.33333333,Dropout
14.14285714,14.33333333,Graduate
14.16666667,14.33333333,Graduate
14.33333333,14.33333333,Graduate
14.63636364,14.33333333,Enrolled
15,14.33333333,Graduate
15.33333333,14.33333333,Graduate
15.5,14.33333333,Graduate
14.34125,14.34125,Graduate
14.35,14.35,Graduate
14.35,14.35,Graduate
14.58333333,14.35,Dropout
13.49375,14.35555556,Graduate
14.35714286,14.35714286,Graduate
14.36,14.36,Graduate
14.44875,14.368,Graduate
14.65,14.37,Graduate
14.75,14.375,Graduate
14.3775,14.3775,Graduate
13.3,14.38461538,Graduate
0,14.4,Dropout
13,14.4,Graduate
13,14.4,Graduate
13.2,14.4,Graduate
13.5,14.4,Enrolled
13.6,14.4,Graduate
13.8,14.4,Graduate
14,14.4,Dropout
14,14.4,Dropout
14.4,14.4,Graduate
14.6,14.4,Dropout
15.4,14.4,Graduate
14.4025,14.4025,Graduate
14.40285714,14.40285714,Graduate
16.05,14.4125,Graduate
14.41428571,14.41428571,Graduate
13.9375,14.42428571,Graduate
12.5,14.42857143,Graduate
13,14.42857143,Graduate
13.42857143,14.42857143,Graduate
13.66666667,14.42857143,Graduate
14.14285714,14.42857143,Graduate
14.375,14.42857143,Graduate
14.42857143,14.42857143,Graduate
14.42857143,14.42857143,Graduate
14.51111111,14.42857143,Graduate
14.57142857,14.42857143,Graduate
15,14.42857143,Graduate
15.6,14.42857143,Enrolled
13.65625,14.44142857,Graduate
13.33333333,14.44444444,Graduate
14.445,14.445,Graduate
14.14444444,14.45,Graduate
13.5,14.45454545,Graduate
14.2,14.45454545,Graduate
13.91,14.455,Graduate
13.55,14.46,Enrolled
14.58888889,14.48571429,Graduate
0,14.5,Dropout
10,14.5,Dropout
11.25,14.5,Enrolled
11.33333333,14.5,Graduate
11.33333333,14.5,Enrolled
12,14.5,Graduate
12.66666667,14.5,Graduate
12.83333333,14.5,Graduate
12.83333333,14.5,Dropout
12.85714286,14.5,Graduate
13,14.5,Enrolled
13,14.5,Graduate
13.33333333,14.5,Dropout
13.5,14.5,Graduate
13.5,14.5,Graduate
13.58333333,14.5,Graduate
13.6,14.5,Graduate
13.6,14.5,Graduate
13.66666667,14.5,Graduate
14,14.5,Graduate
14.375,14.5,Enrolled
14.5,14.5,Graduate
14.6,14.5,Graduate
14.66666667,14.5,Graduate
14.66666667,14.5,Graduate
15,14.5,Enrolled
15.16666667,14.5,Graduate
15.16666667,14.5,Graduate
15.3,14.5,Graduate
15.42857143,14.5,Graduate
16.2,14.5,Enrolled
14.50125,14.50125,Graduate
14.51428571,14.51428571,Enrolled
15.01818182,14.52857143,Graduate
14.53571429,14.53571429,Graduate
14.53714286,14.53714286,Graduate
14.46153846,14.53846154,Graduate
14.54,14.54,Graduate
14.88181818,14.54285714,Graduate
14.56571429,14.56571429,Graduate
14.56666667,14.56666667,Graduate
12.33333333,14.57142857,Graduate
14.95555556,14.57285714,Graduate
14.575,14.575,Graduate
14.33333333,14.58333333,Graduate
13.472,14.59444444,Graduate
12,14.6,Graduate
12.75,14.6,Dropout
13.8,14.6,Graduate
14.2,14.6,Graduate
14.2,14.6,Graduate
14.33333333,14.6,Graduate
15.2,14.6,Dropout
15.4,14.6,Dropout
15.68333333,14.60428571,Graduate
13.7,14.61538462,Graduate
14.61666667,14.61666667,Graduate
13.4,14.625,Dropout
14.14285714,14.625,Enrolled
14.88888889,14.625,Graduate
14.23076923,14.63157895,Graduate
14.6,14.63636364,Graduate
14.65,14.65,Graduate
14.65285714,14.65285714,Graduate
14.75555556,14.65285714,Graduate
14.65428571,14.65428571,Graduate
14.6625,14.6625,Graduate
0,14.66666667,Dropout
12.42857143,14.66666667,Graduate
13,14.66666667,Dropout
13.16666667,14.66666667,Graduate
13.5,14.66666667,Graduate
13.66666667,14.66666667,Graduate
13.83333333,14.66666667,Graduate
13.83333333,14.66666667,Graduate
13.85714286,14.66666667,Graduate
14,14.66666667,Graduate
14.16666667,14.66666667,Graduate
14.33333333,14.66666667,Graduate
14.57142857,14.66666667,Graduate
14.57142857,14.66666667,Graduate
14.66666667,14.66666667,Graduate
15,14.66666667,Graduate
15.14285714,14.66666667,Graduate
15.16666667,14.66666667,Graduate
14.63375,14.668,Graduate
15.05555556,14.68285714,Graduate
14.9625,14.69285714,Graduate
14.62222222,14.69625,Graduate
12,14.7,Graduate
14.58333333,14.7,Graduate
14.7,14.7,Graduate
14.4775,14.70625,Graduate
14.62777778,14.71111111,Graduate
12.5,14.71428571,Graduate
13.2,14.71428571,Enrolled
14.16666667,14.71428571,Graduate
14.375,14.71428571,Graduate
15,14.71428571,Graduate
15.16666667,14.71428571,Graduate
15.8,14.71428571,Graduate
15.83333333,14.71428571,Graduate
14.71666667,14.71666667,Graduate
14.72571429,14.72571429,Graduate
14.14285714,14.72727273,Graduate
15.77777778,14.72727273,Graduate
16.32727273,14.72857143,Graduate
14.73142857,14.73142857,Graduate
11.8,14.75,Graduate
12.25,14.75,Graduate
13.8,14.75,Enrolled
14.33333333,14.75,Graduate
14.75,14.75,Graduate
15,14.75,Dropout
14.07777778,14.75714286,Graduate
15.36666667,14.75714286,Graduate
12.2,14.77777778,Graduate
15.8625,14.7875,Graduate
14,14.8,Graduate
14.2,14.8,Graduate
14.4,14.8,Graduate
15.8,14.8,Graduate
17.6,14.8,Graduate
14.80571429,14.80571429,Graduate
14.82857143,14.82857143,Graduate
12.14285714,14.83333333,Graduate
12.5,14.83333333,Enrolled
12.57142857,14.83333333,Graduate
13.28571429,14.83333333,Enrolled
13.5,14.83333333,Graduate
13.83333333,14.83333333,Graduate
14.16666667,14.83333333,Graduate
14.16666667,14.83333333,Graduate
14.66666667,14.83333333,Graduate
14.8,14.83333333,Graduate
14.83333333,14.83333333,Graduate
14.83333333,14.83333333,Graduate
15.14285714,14.83333333,Graduate
15.33333333,14.83333333,Graduate
16,14.83333333,Graduate
14.8,14.83857143,Graduate
14.38888889,14.84285714,Graduate
15.05555556,14.84285714,Graduate
14.85,14.85,Graduate
15.2,14.85,Dropout
15.61111111,14.85,Graduate
13.11111111,14.85714286,Graduate
13.33333333,14.85714286,Graduate
13.6,14.85714286,Graduate
14,14.85714286,Graduate
14.14285714,14.85714286,Graduate
14.66666667,14.85714286,Graduate
15.14285714,14.85714286,Enrolled
15.14285714,14.85714286,Graduate
15.11111111,14.86857143,Graduate
13.42857143,14.875,Graduate
15.8,14.875,Graduate
14.88875,14.88875,Graduate
13.72727273,14.88888889,Enrolled
14.90142857,14.90142857,Dropout
13.5,14.9125,Dropout
15.355,14.91875,Graduate
14.93333333,14.93333333,Graduate
14.935,14.935,Graduate
14.93571429,14.93571429,Graduate
14.7375,14.95,Graduate
14.96285714,14.96285714,Graduate
14.98333333,14.98333333,Graduate
14.98571429,14.98571429,Graduate
14.99285714,14.99285714,Graduate
0,15,Dropout
10,15,Graduate
10.25,15,Enrolled
11,15,Graduate
11.5,15,Dropout
11.66666667,15,Dropout
12.5,15,Enrolled
12.5,15,Graduate
12.83333333,15,Dropout
12.83333333,15,Graduate
13,15,Graduate
13.14285714,15,Graduate
13.33333333,15,Graduate
13.33333333,15,Graduate
13.42857143,15,Graduate
13.5,15,Dropout
13.75,15,Dropout
14,15,Enrolled
14.2,15,Enrolled
14.33333333,15,Graduate
14.33333333,15,Graduate
14.5,15,Graduate
14.5,15,Graduate
14.57142857,15,Graduate
14.83333333,15,Graduate
14.85714286,15,Graduate
15,15,Graduate
15.16666667,15,Dropout
15.2,15,Graduate
15.5,15,Graduate
15.625,15,Graduate
16,15,Graduate
16.33333333,15,Graduate
16.42857143,15,Graduate
16.0875,15.01428571,Graduate
15.02857143,15.02857143,Graduate
14.53846154,15.05263158,Graduate
15.07,15.07,Graduate
15.07571429,15.07571429,Graduate
15.02352941,15.07777778,Graduate
13.08333333,15.08333333,Enrolled
14.5,15.09090909,Dropout
15,15.09090909,Dropout
16.09375,15.10142857,Graduate
15.11,15.11,Graduate
15.11428571,15.11428571,Graduate
15.092,15.115,Graduate
16.16888889,15.11666667,Graduate
13.42857143,15.125,Graduate
13.66666667,15.125,Enrolled
14,15.125,Graduate
14.6,15.125,Graduate
15.2875,15.13571429,Graduate
15.14285714,15.14285714,Graduate
15.83333333,15.14285714,Graduate
15.7425,15.145,Graduate
16.8,15.15555556,Graduate
12.33333333,15.16666667,Graduate
14,15.16666667,Graduate
14.14285714,15.16666667,Graduate
14.16666667,15.16666667,Graduate
14.28571429,15.16666667,Graduate
14.42857143,15.16666667,Graduate
14.83333333,15.16666667,Graduate
14.85714286,15.16666667,Graduate
15.5,15.16666667,Graduate
16,15.16666667,Graduate
11,15.2,Dropout
13.2,15.2,Graduate
14,15.2,Enrolled
14.16666667,15.2,Graduate
15.2,15.2,Graduate
15.2,15.2,Graduate
16.575,15.2,Graduate
15.22857143,15.22857143,Graduate
12.375,15.23076923,Graduate
14.71428571,15.25,Graduate
15,15.25,Graduate
15.25,15.25,Graduate
15.16666667,15.28571429,Graduate
16.075,15.28571429,Graduate
16.5,15.28571429,Graduate
15.3,15.3,Graduate
13.875,15.30769231,Graduate
14,15.30769231,Graduate
14,15.33333333,Graduate
14.16666667,15.33333333,Graduate
15,15.33333333,Graduate
15.4,15.33333333,Dropout
15.8,15.33333333,Graduate
15.83333333,15.33333333,Graduate
16.42857143,15.375,Graduate
12.2,15.4,Graduate
15.4,15.4,Graduate
15.6,15.4,Dropout
16,15.4,Graduate
13.5,15.42857143,Graduate
14.5,15.42857143,Enrolled
15.43333333,15.43333333,Graduate
15.30769231,15.44444444,Graduate
16.3875,15.46875,Graduate
12.16666667,15.5,Graduate
13.57142857,15.5,Graduate
14,15.5,Graduate
14.1,15.5,Graduate
14.16666667,15.5,Graduate
14.28571429,15.5,Graduate
15.5,15.5,Dropout
16,15.5,Graduate
12.625,15.53846154,Graduate
15.57,15.57,Dropout
14.71428571,15.57142857,Graduate
16.14285714,15.57142857,Graduate
16.375,15.57142857,Graduate
17.16666667,15.57142857,Graduate
15.85714286,15.625,Graduate
15.63375,15.63375,Graduate
15.65714286,15.65714286,Graduate
15.01111111,15.66,Graduate
13.83333333,15.66666667,Graduate
14.5,15.66666667,Graduate
14.83333333,15.66666667,Graduate
15.28571429,15.66666667,Graduate
15.67571429,15.67571429,Graduate
14.42857143,15.69230769,Graduate
15.55555556,15.69230769,Graduate
15.7,15.7,Graduate
12.77777778,15.71428571,Graduate
14.66666667,15.71428571,Dropout
15,15.71428571,Graduate
15.5,15.71428571,Graduate
15.9,15.71428571,Dropout
13,15.75,Graduate
13.8,15.75,Graduate
16.4,15.75,Enrolled
15.79857143,15.79857143,Graduate
13.71428571,15.8,Enrolled
14.57142857,15.8,Dropout
14.8,15.8,Graduate
16.8,15.8,Graduate
17.6,15.8,Enrolled
15.33333333,15.83333333,Graduate
15.5,15.83333333,Graduate
16,15.85714286,Graduate
15.88571429,15.88571429,Graduate
14.14285714,15.88888889,Graduate
15.94285714,15.94285714,Graduate
15.18888889,15.95714286,Graduate
0,16,Dropout
0,16,Dropout
12.25,16,Dropout
13.66666667,16,Graduate
14.33333333,16,Graduate
14.5,16,Graduate
14.625,16,Dropout
15.16666667,16,Graduate
15.5,16,Graduate
15.875,16,Graduate
16,16,Graduate
16,16,Dropout
16,16,Dropout
16.5,16,Enrolled
13.5,16.11111111,Graduate
15.52222222,16.13142857,Graduate
0,16.14285714,Dropout
14.66666667,16.14285714,Graduate
16.2,16.14285714,Graduate
15.75,16.15384615,Graduate
14.28571429,16.16666667,Graduate
15.83333333,16.16666667,Graduate
16,16.16666667,Dropout
16,16.2,Graduate
16.4,16.2,Graduate
15.4,16.33333333,Graduate
15.6,16.33333333,Dropout
14.6,16.4,Graduate
16.6,16.4,Graduate
16.66666667,16.42857143,Dropout
13.875,16.46153846,Graduate
13.8,16.5,Enrolled
14.28571429,16.5,Graduate
16.90909091,16.5,Graduate
17.42857143,16.5,Dropout
17.71428571,16.5,Dropout
15.66666667,16.57142857,Graduate
15.33333333,16.71428571,Graduate
16.66666667,16.83333333,Graduate
16.5,16.85714286,Graduate
15.74444444,16.88571429,Graduate
16.37777778,16.9,Graduate
11,17,Enrolled
15.5,17,Graduate
16,17,Graduate
16.28571429,17,Graduate
17,17,Enrolled
16.58222222,17.00555556,Graduate
15.57142857,17.11111111,Graduate
17.5875,17.125,Graduate
17,17.33333333,Dropout
18.57142857,17.33333333,Graduate
13,18,Dropout
13.33333333,18,Dropout
17.69230769,18.875,Graduate
